,index,lang_id
0,1,xho
1,2,xho
2,3,eng
3,4,nso
4,5,ven
5,6,nso
6,7,tsn
7,8,ven
8,9,nso
9,10,tsn
10,11,nbl
11,12,ven
12,13,zul
13,14,ssw
14,15,zul
15,16,nso
16,17,tso
17,18,zul
18,19,sot
19,20,nbl
20,21,tsn
21,22,tsn
22,23,tso
23,24,eng
24,25,ssw
25,26,zul
26,27,nbl
27,28,ssw
28,29,xho
29,30,sot
30,31,eng
31,32,sot
32,33,afr
33,34,tso
34,35,ssw
35,36,tsn
36,37,zul
37,38,eng
38,39,tso
39,40,tsn
40,41,afr
41,42,eng
42,43,afr
43,44,xho
44,45,tsn
45,46,sot
46,47,tso
47,48,ssw
48,49,nbl
49,50,afr
50,51,tsn
51,52,tso
52,53,ssw
53,54,afr
54,55,tso
55,56,sot
56,57,zul
57,58,nso
58,59,nso
59,60,xho
60,61,afr
61,62,nso
62,63,afr
63,64,tso
64,65,tsn
65,66,tso
66,67,tso
67,68,ssw
68,69,zul
69,70,nbl
70,71,tso
71,72,nbl
72,73,nbl
73,74,xho
74,75,ssw
75,76,ssw
76,77,sot
77,78,eng
78,79,zul
79,80,xho
80,81,sot
81,82,ven
82,83,nbl
83,84,tsn
84,85,tso
85,86,sot
86,87,eng
87,88,tsn
88,89,ven
89,90,tsn
90,91,nso
91,92,zul
92,93,sot
93,94,tsn
94,95,nbl
95,96,nso
96,97,ssw
97,98,sot
98,99,tsn
99,100,nbl
100,101,ven
101,102,tso
102,103,ven
103,104,eng
104,105,eng
105,106,tso
106,107,tsn
107,108,zul
108,109,tsn
109,110,zul
110,111,afr
111,112,afr
112,113,sot
113,114,eng
114,115,nso
115,116,ven
116,117,nbl
117,118,sot
118,119,nbl
119,120,tsn
120,121,afr
121,122,zul
122,123,ven
123,124,ven
124,125,sot
125,126,eng
126,127,sot
127,128,zul
128,129,afr
129,130,nbl
130,131,afr
131,132,tsn
132,133,eng
133,134,ven
134,135,tso
135,136,afr
136,137,eng
137,138,ven
138,139,xho
139,140,tso
140,141,nso
141,142,nso
142,143,nbl
143,144,zul
144,145,ven
145,146,tso
146,147,eng
147,148,xho
148,149,zul
149,150,ssw
150,151,ven
151,152,afr
152,153,eng
153,154,eng
154,155,zul
155,156,nso
156,157,tso
157,158,xho
158,159,tsn
159,160,ven
160,161,afr
161,162,ssw
162,163,tsn
163,164,nbl
164,165,afr
165,166,ven
166,167,ven
167,168,nbl
168,169,tso
169,170,sot
170,171,tsn
171,172,afr
172,173,nbl
173,174,tso
174,175,nbl
175,176,tso
176,177,nbl
177,178,afr
178,179,xho
179,180,eng
180,181,xho
181,182,tsn
182,183,sot
183,184,nso
184,185,eng
185,186,sot
186,187,nso
187,188,ssw
188,189,sot
189,190,ven
190,191,zul
191,192,nso
192,193,nso
193,194,xho
194,195,ssw
195,196,sot
196,197,ssw
197,198,ssw
198,199,ven
199,200,xho
200,201,ssw
201,202,ssw
202,203,zul
203,204,tso
204,205,ssw
205,206,sot
206,207,tsn
207,208,tso
208,209,eng
209,210,ssw
210,211,nso
211,212,sot
212,213,ven
213,214,xho
214,215,tsn
215,216,zul
216,217,nso
217,218,xho
218,219,ven
219,220,eng
220,221,tsn
221,222,sot
222,223,tsn
223,224,tsn
224,225,zul
225,226,sot
226,227,eng
227,228,xho
228,229,ssw
229,230,eng
230,231,tso
231,232,ssw
232,233,nso
233,234,nso
234,235,sot
235,236,ssw
236,237,xho
237,238,tsn
238,239,ssw
239,240,eng
240,241,ven
241,242,zul
242,243,afr
243,244,ven
244,245,zul
245,246,zul
246,247,xho
247,248,sot
248,249,zul
249,250,ssw
250,251,zul
251,252,xho
252,253,tso
253,254,nso
254,255,tso
255,256,afr
256,257,afr
257,258,nso
258,259,ven
259,260,xho
260,261,zul
261,262,nso
262,263,afr
263,264,xho
264,265,afr
265,266,nso
266,267,tsn
267,268,xho
268,269,zul
269,270,ven
270,271,nbl
271,272,zul
272,273,afr
273,274,xho
274,275,ssw
275,276,tsn
276,277,tsn
277,278,nso
278,279,tsn
279,280,tsn
280,281,afr
281,282,tso
282,283,afr
283,284,eng
284,285,nso
285,286,tso
286,287,xho
287,288,afr
288,289,nbl
289,290,ven
290,291,afr
291,292,nso
292,293,nso
293,294,ven
294,295,sot
295,296,nbl
296,297,nbl
297,298,tso
298,299,ven
299,300,tso
300,301,ven
301,302,afr
302,303,nso
303,304,eng
304,305,nso
305,306,sot
306,307,ssw
307,308,ven
308,309,zul
309,310,eng
310,311,sot
311,312,tso
312,313,afr
313,314,nso
314,315,sot
315,316,ven
316,317,eng
317,318,nso
318,319,ssw
319,320,zul
320,321,nbl
321,322,afr
322,323,nso
323,324,tsn
324,325,sot
325,326,xho
326,327,ven
327,328,nbl
328,329,tsn
329,330,afr
330,331,eng
331,332,afr
332,333,ssw
333,334,ven
334,335,ven
335,336,ssw
336,337,ssw
337,338,afr
338,339,xho
339,340,zul
340,341,tso
341,342,eng
342,343,ven
343,344,afr
344,345,ssw
345,346,sot
346,347,tso
347,348,xho
348,349,xho
349,350,nso
350,351,eng
351,352,zul
352,353,sot
353,354,nso
354,355,ven
355,356,eng
356,357,afr
357,358,nbl
358,359,nso
359,360,nbl
360,361,nbl
361,362,zul
362,363,nso
363,364,nso
364,365,xho
365,366,ven
366,367,sot
367,368,tso
368,369,tsn
369,370,nbl
370,371,ssw
371,372,eng
372,373,xho
373,374,afr
374,375,tso
375,376,tsn
376,377,eng
377,378,xho
378,379,xho
379,380,zul
380,381,tso
381,382,zul
382,383,tso
383,384,ssw
384,385,zul
385,386,eng
386,387,ven
387,388,tsn
388,389,xho
389,390,ven
390,391,ssw
391,392,nso
392,393,nbl
393,394,afr
394,395,ven
395,396,xho
396,397,ven
397,398,afr
398,399,sot
399,400,nso
400,401,ssw
401,402,nbl
402,403,nbl
403,404,nso
404,405,tsn
405,406,nbl
406,407,eng
407,408,eng
408,409,sot
409,410,tso
410,411,sot
411,412,ven
412,413,eng
413,414,nso
414,415,afr
415,416,ven
416,417,eng
417,418,sot
418,419,nbl
419,420,ssw
420,421,ssw
421,422,nbl
422,423,nbl
423,424,afr
424,425,ven
425,426,tso
426,427,afr
427,428,nbl
428,429,tso
429,430,xho
430,431,ven
431,432,tsn
432,433,zul
433,434,nbl
434,435,xho
435,436,ven
436,437,tso
437,438,afr
438,439,tso
439,440,nso
440,441,tsn
441,442,sot
442,443,xho
443,444,tso
444,445,eng
445,446,nbl
446,447,tsn
447,448,tso
448,449,sot
449,450,ven
450,451,zul
451,452,tsn
452,453,ssw
453,454,afr
454,455,nso
455,456,sot
456,457,tso
457,458,tso
458,459,tso
459,460,ssw
460,461,ssw
461,462,nso
462,463,afr
463,464,sot
464,465,ven
465,466,xho
466,467,ven
467,468,tso
468,469,tsn
469,470,eng
470,471,afr
471,472,ven
472,473,xho
473,474,nso
474,475,eng
475,476,nso
476,477,ven
477,478,zul
478,479,tso
479,480,afr
480,481,ven
481,482,sot
482,483,sot
483,484,nso
484,485,zul
485,486,nbl
486,487,tsn
487,488,tsn
488,489,sot
489,490,nso
490,491,eng
491,492,nbl
492,493,tsn
493,494,ssw
494,495,tsn
495,496,nso
496,497,zul
497,498,eng
498,499,nbl
499,500,nso
500,501,eng
501,502,zul
502,503,tsn
503,504,tsn
504,505,nbl
505,506,xho
506,507,ssw
507,508,eng
508,509,tsn
509,510,sot
510,511,ven
511,512,ssw
512,513,nso
513,514,tsn
514,515,xho
515,516,ven
516,517,nbl
517,518,ssw
518,519,afr
519,520,sot
520,521,zul
521,522,nbl
522,523,nso
523,524,nso
524,525,zul
525,526,zul
526,527,sot
527,528,xho
528,529,xho
529,530,ssw
530,531,ssw
531,532,ssw
532,533,ssw
533,534,sot
534,535,xho
535,536,zul
536,537,ssw
537,538,nbl
538,539,nso
539,540,tsn
540,541,eng
541,542,ven
542,543,nso
543,544,nbl
544,545,tso
545,546,afr
546,547,zul
547,548,eng
548,549,tso
549,550,eng
550,551,ven
551,552,nbl
552,553,nbl
553,554,nbl
554,555,nbl
555,556,ssw
556,557,eng
557,558,ven
558,559,tso
559,560,zul
560,561,xho
561,562,nbl
562,563,sot
563,564,ssw
564,565,sot
565,566,afr
566,567,ven
567,568,zul
568,569,tsn
569,570,ssw
570,571,nso
571,572,ven
572,573,nbl
573,574,tsn
574,575,ven
575,576,afr
576,577,sot
577,578,tso
578,579,ven
579,580,tsn
580,581,nbl
581,582,tso
582,583,zul
583,584,afr
584,585,ssw
585,586,ven
586,587,xho
587,588,eng
588,589,xho
589,590,nso
590,591,sot
591,592,afr
592,593,eng
593,594,tso
594,595,zul
595,596,tso
596,597,sot
597,598,tsn
598,599,eng
599,600,xho
600,601,ven
601,602,afr
602,603,tso
603,604,xho
604,605,tsn
605,606,ssw
606,607,tsn
607,608,xho
608,609,xho
609,610,zul
610,611,nso
611,612,nso
612,613,eng
613,614,ven
614,615,ssw
615,616,nso
616,617,nso
617,618,nbl
618,619,tsn
619,620,xho
620,621,zul
621,622,ssw
622,623,xho
623,624,tsn
624,625,eng
625,626,ven
626,627,ssw
627,628,afr
628,629,eng
629,630,eng
630,631,nso
631,632,ven
632,633,zul
633,634,nbl
634,635,afr
635,636,ven
636,637,ssw
637,638,tso
638,639,ven
639,640,eng
640,641,zul
641,642,xho
642,643,nso
643,644,tso
644,645,sot
645,646,eng
646,647,afr
647,648,ven
648,649,sot
649,650,sot
650,651,nbl
651,652,eng
652,653,nso
653,654,afr
654,655,zul
655,656,sot
656,657,nso
657,658,eng
658,659,tso
659,660,nso
660,661,afr
661,662,ssw
662,663,zul
663,664,afr
664,665,nso
665,666,zul
666,667,ven
667,668,nbl
668,669,eng
669,670,eng
670,671,ven
671,672,nbl
672,673,nbl
673,674,nbl
674,675,sot
675,676,ssw
676,677,tsn
677,678,eng
678,679,ven
679,680,afr
680,681,ven
681,682,eng
682,683,nbl
683,684,sot
684,685,ven
685,686,afr
686,687,ssw
687,688,zul
688,689,ven
689,690,sot
690,691,xho
691,692,xho
692,693,afr
693,694,zul
694,695,tso
695,696,zul
696,697,eng
697,698,sot
698,699,tsn
699,700,tso
700,701,nso
701,702,afr
702,703,ssw
703,704,zul
704,705,tsn
705,706,zul
706,707,sot
707,708,tso
708,709,sot
709,710,afr
710,711,eng
711,712,eng
712,713,eng
713,714,zul
714,715,eng
715,716,nso
716,717,afr
717,718,eng
718,719,ssw
719,720,tso
720,721,sot
721,722,eng
722,723,afr
723,724,afr
724,725,tsn
725,726,tso
726,727,xho
727,728,sot
728,729,tsn
729,730,ssw
730,731,ssw
731,732,ssw
732,733,tso
733,734,ssw
734,735,nbl
735,736,ven
736,737,nso
737,738,ssw
738,739,ven
739,740,nso
740,741,eng
741,742,zul
742,743,tsn
743,744,ssw
744,745,ven
745,746,tsn
746,747,zul
747,748,eng
748,749,nbl
749,750,ven
750,751,xho
751,752,ven
752,753,ssw
753,754,zul
754,755,nbl
755,756,eng
756,757,afr
757,758,eng
758,759,xho
759,760,tsn
760,761,tsn
761,762,tsn
762,763,ssw
763,764,tso
764,765,tsn
765,766,xho
766,767,eng
767,768,ven
768,769,nso
769,770,ssw
770,771,afr
771,772,tsn
772,773,xho
773,774,sot
774,775,xho
775,776,ssw
776,777,xho
777,778,ssw
778,779,nso
779,780,xho
780,781,nso
781,782,nso
782,783,zul
783,784,xho
784,785,tso
785,786,sot
786,787,eng
787,788,nbl
788,789,sot
789,790,ven
790,791,tsn
791,792,ven
792,793,nbl
793,794,xho
794,795,eng
795,796,eng
796,797,zul
797,798,nso
798,799,tsn
799,800,tsn
800,801,ven
801,802,eng
802,803,afr
803,804,sot
804,805,tsn
805,806,nbl
806,807,afr
807,808,nso
808,809,nbl
809,810,afr
810,811,afr
811,812,ssw
812,813,sot
813,814,zul
814,815,xho
815,816,sot
816,817,afr
817,818,tsn
818,819,tsn
819,820,tsn
820,821,nso
821,822,nbl
822,823,tso
823,824,tsn
824,825,eng
825,826,sot
826,827,xho
827,828,sot
828,829,tso
829,830,ven
830,831,afr
831,832,sot
832,833,ssw
833,834,zul
834,835,eng
835,836,eng
836,837,sot
837,838,afr
838,839,ssw
839,840,zul
840,841,nbl
841,842,afr
842,843,nso
843,844,nso
844,845,zul
845,846,zul
846,847,nso
847,848,nso
848,849,sot
849,850,tso
850,851,ven
851,852,nso
852,853,eng
853,854,xho
854,855,ssw
855,856,nbl
856,857,ven
857,858,nbl
858,859,ssw
859,860,tso
860,861,tsn
861,862,nso
862,863,nbl
863,864,sot
864,865,ven
865,866,afr
866,867,tsn
867,868,nso
868,869,eng
869,870,nbl
870,871,ssw
871,872,eng
872,873,tso
873,874,zul
874,875,ven
875,876,xho
876,877,tsn
877,878,sot
878,879,afr
879,880,nso
880,881,eng
881,882,eng
882,883,xho
883,884,xho
884,885,xho
885,886,afr
886,887,sot
887,888,ssw
888,889,nso
889,890,xho
890,891,ven
891,892,xho
892,893,ven
893,894,ssw
894,895,ssw
895,896,nso
896,897,nbl
897,898,ssw
898,899,nso
899,900,tso
900,901,sot
901,902,ven
902,903,tsn
903,904,sot
904,905,ven
905,906,ven
906,907,xho
907,908,ven
908,909,ssw
909,910,tso
910,911,zul
911,912,tso
912,913,xho
913,914,xho
914,915,xho
915,916,zul
916,917,nso
917,918,nbl
918,919,zul
919,920,eng
920,921,xho
921,922,zul
922,923,zul
923,924,xho
924,925,afr
925,926,ssw
926,927,afr
927,928,afr
928,929,ven
929,930,zul
930,931,tso
931,932,ven
932,933,nso
933,934,zul
934,935,ssw
935,936,afr
936,937,ssw
937,938,tso
938,939,eng
939,940,tso
940,941,xho
941,942,eng
942,943,nbl
943,944,nbl
944,945,tso
945,946,xho
946,947,nso
947,948,eng
948,949,xho
949,950,nso
950,951,afr
951,952,tso
952,953,tso
953,954,ven
954,955,zul
955,956,ven
956,957,ven
957,958,nbl
958,959,ven
959,960,ssw
960,961,ven
961,962,sot
962,963,ssw
963,964,eng
964,965,nbl
965,966,ven
966,967,nso
967,968,xho
968,969,ven
969,970,sot
970,971,tsn
971,972,sot
972,973,eng
973,974,tsn
974,975,eng
975,976,ven
976,977,zul
977,978,tso
978,979,afr
979,980,tsn
980,981,afr
981,982,afr
982,983,sot
983,984,afr
984,985,ssw
985,986,zul
986,987,zul
987,988,nbl
988,989,afr
989,990,zul
990,991,ssw
991,992,afr
992,993,afr
993,994,zul
994,995,ssw
995,996,sot
996,997,nbl
997,998,nbl
998,999,sot
999,1000,zul
1000,1001,tso
1001,1002,nso
1002,1003,tsn
1003,1004,nbl
1004,1005,nbl
1005,1006,nbl
1006,1007,tsn
1007,1008,nso
1008,1009,tso
1009,1010,afr
1010,1011,ssw
1011,1012,zul
1012,1013,sot
1013,1014,xho
1014,1015,xho
1015,1016,tsn
1016,1017,afr
1017,1018,nso
1018,1019,sot
1019,1020,xho
1020,1021,ssw
1021,1022,sot
1022,1023,xho
1023,1024,afr
1024,1025,xho
1025,1026,ssw
1026,1027,ven
1027,1028,nbl
1028,1029,ssw
1029,1030,eng
1030,1031,tso
1031,1032,nso
1032,1033,nbl
1033,1034,nbl
1034,1035,nbl
1035,1036,eng
1036,1037,tso
1037,1038,zul
1038,1039,tsn
1039,1040,zul
1040,1041,tsn
1041,1042,tso
1042,1043,sot
1043,1044,afr
1044,1045,ven
1045,1046,zul
1046,1047,zul
1047,1048,zul
1048,1049,eng
1049,1050,sot
1050,1051,tsn
1051,1052,zul
1052,1053,xho
1053,1054,afr
1054,1055,zul
1055,1056,xho
1056,1057,xho
1057,1058,xho
1058,1059,nbl
1059,1060,tso
1060,1061,ssw
1061,1062,ven
1062,1063,sot
1063,1064,tsn
1064,1065,tsn
1065,1066,zul
1066,1067,ssw
1067,1068,ven
1068,1069,eng
1069,1070,tsn
1070,1071,xho
1071,1072,ven
1072,1073,eng
1073,1074,nso
1074,1075,eng
1075,1076,ssw
1076,1077,sot
1077,1078,tso
1078,1079,ven
1079,1080,eng
1080,1081,tso
1081,1082,sot
1082,1083,nso
1083,1084,eng
1084,1085,tso
1085,1086,nso
1086,1087,xho
1087,1088,ssw
1088,1089,afr
1089,1090,afr
1090,1091,ven
1091,1092,xho
1092,1093,eng
1093,1094,nbl
1094,1095,ven
1095,1096,zul
1096,1097,tso
1097,1098,sot
1098,1099,xho
1099,1100,zul
1100,1101,zul
1101,1102,eng
1102,1103,eng
1103,1104,eng
1104,1105,tsn
1105,1106,sot
1106,1107,nso
1107,1108,tsn
1108,1109,nso
1109,1110,nbl
1110,1111,tso
1111,1112,ven
1112,1113,ven
1113,1114,tso
1114,1115,tso
1115,1116,zul
1116,1117,ven
1117,1118,ven
1118,1119,ven
1119,1120,tso
1120,1121,tsn
1121,1122,xho
1122,1123,afr
1123,1124,xho
1124,1125,eng
1125,1126,ssw
1126,1127,ven
1127,1128,zul
1128,1129,ssw
1129,1130,sot
1130,1131,afr
1131,1132,xho
1132,1133,nso
1133,1134,tso
1134,1135,xho
1135,1136,eng
1136,1137,xho
1137,1138,nbl
1138,1139,tso
1139,1140,sot
1140,1141,afr
1141,1142,ssw
1142,1143,ven
1143,1144,eng
1144,1145,zul
1145,1146,tsn
1146,1147,sot
1147,1148,ven
1148,1149,tso
1149,1150,eng
1150,1151,ven
1151,1152,tsn
1152,1153,tso
1153,1154,eng
1154,1155,afr
1155,1156,nbl
1156,1157,nbl
1157,1158,zul
1158,1159,zul
1159,1160,xho
1160,1161,eng
1161,1162,eng
1162,1163,xho
1163,1164,zul
1164,1165,tso
1165,1166,nbl
1166,1167,ven
1167,1168,tso
1168,1169,xho
1169,1170,nso
1170,1171,tsn
1171,1172,xho
1172,1173,ssw
1173,1174,nso
1174,1175,nso
1175,1176,xho
1176,1177,sot
1177,1178,sot
1178,1179,tsn
1179,1180,eng
1180,1181,sot
1181,1182,nbl
1182,1183,ven
1183,1184,eng
1184,1185,ven
1185,1186,nbl
1186,1187,ven
1187,1188,ssw
1188,1189,xho
1189,1190,tsn
1190,1191,tso
1191,1192,zul
1192,1193,xho
1193,1194,zul
1194,1195,nbl
1195,1196,afr
1196,1197,zul
1197,1198,tsn
1198,1199,tsn
1199,1200,afr
1200,1201,afr
1201,1202,tso
1202,1203,afr
1203,1204,eng
1204,1205,sot
1205,1206,tso
1206,1207,ssw
1207,1208,xho
1208,1209,nbl
1209,1210,eng
1210,1211,nbl
1211,1212,afr
1212,1213,nso
1213,1214,tsn
1214,1215,zul
1215,1216,tso
1216,1217,sot
1217,1218,ssw
1218,1219,nbl
1219,1220,nbl
1220,1221,ven
1221,1222,ven
1222,1223,sot
1223,1224,tso
1224,1225,xho
1225,1226,eng
1226,1227,nso
1227,1228,afr
1228,1229,tso
1229,1230,nso
1230,1231,nso
1231,1232,tsn
1232,1233,sot
1233,1234,afr
1234,1235,tso
1235,1236,tso
1236,1237,xho
1237,1238,zul
1238,1239,xho
1239,1240,tsn
1240,1241,ven
1241,1242,sot
1242,1243,zul
1243,1244,nso
1244,1245,nbl
1245,1246,tsn
1246,1247,tsn
1247,1248,tso
1248,1249,afr
1249,1250,xho
1250,1251,nso
1251,1252,xho
1252,1253,ssw
1253,1254,ven
1254,1255,ven
1255,1256,tsn
1256,1257,nso
1257,1258,zul
1258,1259,xho
1259,1260,ven
1260,1261,nbl
1261,1262,ssw
1262,1263,nbl
1263,1264,xho
1264,1265,nbl
1265,1266,tso
1266,1267,nso
1267,1268,ven
1268,1269,ven
1269,1270,xho
1270,1271,afr
1271,1272,ssw
1272,1273,afr
1273,1274,nbl
1274,1275,afr
1275,1276,eng
1276,1277,ssw
1277,1278,nbl
1278,1279,eng
1279,1280,afr
1280,1281,xho
1281,1282,zul
1282,1283,ven
1283,1284,ven
1284,1285,tso
1285,1286,afr
1286,1287,afr
1287,1288,tsn
1288,1289,afr
1289,1290,nbl
1290,1291,eng
1291,1292,eng
1292,1293,eng
1293,1294,tso
1294,1295,eng
1295,1296,zul
1296,1297,afr
1297,1298,afr
1298,1299,sot
1299,1300,tso
1300,1301,ven
1301,1302,nbl
1302,1303,zul
1303,1304,afr
1304,1305,xho
1305,1306,zul
1306,1307,tso
1307,1308,ven
1308,1309,afr
1309,1310,nso
1310,1311,ssw
1311,1312,nbl
1312,1313,afr
1313,1314,tso
1314,1315,xho
1315,1316,eng
1316,1317,nso
1317,1318,tsn
1318,1319,nso
1319,1320,tso
1320,1321,tsn
1321,1322,nbl
1322,1323,eng
1323,1324,ven
1324,1325,nbl
1325,1326,xho
1326,1327,nbl
1327,1328,nbl
1328,1329,nso
1329,1330,xho
1330,1331,zul
1331,1332,nbl
1332,1333,ssw
1333,1334,zul
1334,1335,zul
1335,1336,tso
1336,1337,tsn
1337,1338,afr
1338,1339,nbl
1339,1340,afr
1340,1341,zul
1341,1342,xho
1342,1343,afr
1343,1344,nbl
1344,1345,nso
1345,1346,zul
1346,1347,nbl
1347,1348,afr
1348,1349,sot
1349,1350,afr
1350,1351,afr
1351,1352,xho
1352,1353,xho
1353,1354,ssw
1354,1355,ssw
1355,1356,tsn
1356,1357,zul
1357,1358,ven
1358,1359,nso
1359,1360,ssw
1360,1361,ssw
1361,1362,nso
1362,1363,afr
1363,1364,afr
1364,1365,tsn
1365,1366,ven
1366,1367,ssw
1367,1368,zul
1368,1369,tso
1369,1370,afr
1370,1371,afr
1371,1372,ssw
1372,1373,ven
1373,1374,xho
1374,1375,nbl
1375,1376,xho
1376,1377,afr
1377,1378,ven
1378,1379,eng
1379,1380,eng
1380,1381,sot
1381,1382,zul
1382,1383,sot
1383,1384,zul
1384,1385,zul
1385,1386,afr
1386,1387,sot
1387,1388,nso
1388,1389,nso
1389,1390,tso
1390,1391,eng
1391,1392,tso
1392,1393,ssw
1393,1394,eng
1394,1395,eng
1395,1396,afr
1396,1397,nso
1397,1398,zul
1398,1399,nso
1399,1400,ssw
1400,1401,ven
1401,1402,tsn
1402,1403,ssw
1403,1404,zul
1404,1405,afr
1405,1406,zul
1406,1407,afr
1407,1408,afr
1408,1409,tso
1409,1410,zul
1410,1411,zul
1411,1412,sot
1412,1413,ven
1413,1414,tso
1414,1415,ssw
1415,1416,zul
1416,1417,nbl
1417,1418,eng
1418,1419,ven
1419,1420,sot
1420,1421,tsn
1421,1422,tsn
1422,1423,nso
1423,1424,zul
1424,1425,nso
1425,1426,tsn
1426,1427,xho
1427,1428,tso
1428,1429,eng
1429,1430,ssw
1430,1431,xho
1431,1432,zul
1432,1433,xho
1433,1434,tso
1434,1435,afr
1435,1436,nbl
1436,1437,nbl
1437,1438,zul
1438,1439,zul
1439,1440,ven
1440,1441,nso
1441,1442,ven
1442,1443,afr
1443,1444,nbl
1444,1445,nbl
1445,1446,tso
1446,1447,tso
1447,1448,xho
1448,1449,nbl
1449,1450,ven
1450,1451,tsn
1451,1452,sot
1452,1453,ven
1453,1454,ssw
1454,1455,xho
1455,1456,ven
1456,1457,zul
1457,1458,sot
1458,1459,tso
1459,1460,ssw
1460,1461,ven
1461,1462,ssw
1462,1463,zul
1463,1464,ssw
1464,1465,xho
1465,1466,sot
1466,1467,ven
1467,1468,tso
1468,1469,xho
1469,1470,afr
1470,1471,zul
1471,1472,nbl
1472,1473,xho
1473,1474,tso
1474,1475,tsn
1475,1476,nso
1476,1477,xho
1477,1478,zul
1478,1479,xho
1479,1480,eng
1480,1481,sot
1481,1482,xho
1482,1483,sot
1483,1484,nso
1484,1485,sot
1485,1486,nbl
1486,1487,nso
1487,1488,afr
1488,1489,zul
1489,1490,ven
1490,1491,eng
1491,1492,tsn
1492,1493,afr
1493,1494,afr
1494,1495,xho
1495,1496,xho
1496,1497,eng
1497,1498,eng
1498,1499,ssw
1499,1500,sot
1500,1501,afr
1501,1502,sot
1502,1503,zul
1503,1504,eng
1504,1505,zul
1505,1506,xho
1506,1507,eng
1507,1508,nso
1508,1509,ven
1509,1510,nso
1510,1511,tsn
1511,1512,nso
1512,1513,eng
1513,1514,nso
1514,1515,zul
1515,1516,nbl
1516,1517,xho
1517,1518,nso
1518,1519,nbl
1519,1520,eng
1520,1521,nso
1521,1522,nbl
1522,1523,afr
1523,1524,tso
1524,1525,zul
1525,1526,ven
1526,1527,tsn
1527,1528,nso
1528,1529,ven
1529,1530,eng
1530,1531,nbl
1531,1532,ven
1532,1533,zul
1533,1534,zul
1534,1535,nso
1535,1536,ven
1536,1537,nso
1537,1538,ven
1538,1539,tso
1539,1540,tso
1540,1541,eng
1541,1542,nso
1542,1543,eng
1543,1544,tso
1544,1545,afr
1545,1546,ven
1546,1547,nbl
1547,1548,afr
1548,1549,tso
1549,1550,xho
1550,1551,nso
1551,1552,tsn
1552,1553,zul
1553,1554,sot
1554,1555,tso
1555,1556,afr
1556,1557,nbl
1557,1558,ssw
1558,1559,afr
1559,1560,tsn
1560,1561,zul
1561,1562,nso
1562,1563,nso
1563,1564,afr
1564,1565,ven
1565,1566,ssw
1566,1567,tso
1567,1568,nso
1568,1569,tso
1569,1570,sot
1570,1571,eng
1571,1572,nso
1572,1573,tso
1573,1574,afr
1574,1575,xho
1575,1576,eng
1576,1577,nso
1577,1578,tso
1578,1579,zul
1579,1580,eng
1580,1581,afr
1581,1582,nso
1582,1583,tsn
1583,1584,ven
1584,1585,xho
1585,1586,zul
1586,1587,ven
1587,1588,eng
1588,1589,ven
1589,1590,ssw
1590,1591,tsn
1591,1592,sot
1592,1593,eng
1593,1594,afr
1594,1595,ven
1595,1596,afr
1596,1597,ven
1597,1598,nso
1598,1599,eng
1599,1600,tsn
1600,1601,zul
1601,1602,afr
1602,1603,xho
1603,1604,nso
1604,1605,nso
1605,1606,tsn
1606,1607,nso
1607,1608,ven
1608,1609,tso
1609,1610,nbl
1610,1611,ssw
1611,1612,zul
1612,1613,nso
1613,1614,zul
1614,1615,afr
1615,1616,zul
1616,1617,eng
1617,1618,ssw
1618,1619,xho
1619,1620,nso
1620,1621,tso
1621,1622,tso
1622,1623,xho
1623,1624,tsn
1624,1625,ssw
1625,1626,nbl
1626,1627,tso
1627,1628,ven
1628,1629,ven
1629,1630,xho
1630,1631,zul
1631,1632,tsn
1632,1633,tsn
1633,1634,zul
1634,1635,zul
1635,1636,zul
1636,1637,tsn
1637,1638,eng
1638,1639,xho
1639,1640,tsn
1640,1641,ven
1641,1642,afr
1642,1643,ssw
1643,1644,sot
1644,1645,ssw
1645,1646,afr
1646,1647,xho
1647,1648,tso
1648,1649,ssw
1649,1650,nso
1650,1651,tsn
1651,1652,afr
1652,1653,nbl
1653,1654,tso
1654,1655,xho
1655,1656,sot
1656,1657,tso
1657,1658,tso
1658,1659,zul
1659,1660,afr
1660,1661,xho
1661,1662,ven
1662,1663,ven
1663,1664,tsn
1664,1665,afr
1665,1666,xho
1666,1667,tso
1667,1668,afr
1668,1669,eng
1669,1670,nso
1670,1671,eng
1671,1672,afr
1672,1673,tso
1673,1674,nbl
1674,1675,sot
1675,1676,ven
1676,1677,ssw
1677,1678,afr
1678,1679,sot
1679,1680,nso
1680,1681,ssw
1681,1682,nso
1682,1683,xho
1683,1684,tso
1684,1685,tso
1685,1686,tsn
1686,1687,eng
1687,1688,tsn
1688,1689,eng
1689,1690,eng
1690,1691,nso
1691,1692,xho
1692,1693,afr
1693,1694,tsn
1694,1695,tso
1695,1696,nso
1696,1697,tso
1697,1698,sot
1698,1699,eng
1699,1700,nbl
1700,1701,nbl
1701,1702,xho
1702,1703,tso
1703,1704,ssw
1704,1705,eng
1705,1706,eng
1706,1707,xho
1707,1708,ven
1708,1709,nso
1709,1710,sot
1710,1711,xho
1711,1712,nso
1712,1713,xho
1713,1714,ssw
1714,1715,afr
1715,1716,ven
1716,1717,eng
1717,1718,nbl
1718,1719,nso
1719,1720,sot
1720,1721,afr
1721,1722,nso
1722,1723,tsn
1723,1724,eng
1724,1725,ven
1725,1726,eng
1726,1727,nbl
1727,1728,sot
1728,1729,tsn
1729,1730,eng
1730,1731,sot
1731,1732,afr
1732,1733,ven
1733,1734,zul
1734,1735,xho
1735,1736,xho
1736,1737,zul
1737,1738,sot
1738,1739,tso
1739,1740,afr
1740,1741,tso
1741,1742,sot
1742,1743,ssw
1743,1744,tso
1744,1745,eng
1745,1746,tsn
1746,1747,tsn
1747,1748,tso
1748,1749,ssw
1749,1750,afr
1750,1751,xho
1751,1752,ven
1752,1753,zul
1753,1754,afr
1754,1755,nso
1755,1756,eng
1756,1757,ssw
1757,1758,xho
1758,1759,tso
1759,1760,nso
1760,1761,tso
1761,1762,xho
1762,1763,tso
1763,1764,zul
1764,1765,tsn
1765,1766,ven
1766,1767,afr
1767,1768,ssw
1768,1769,nso
1769,1770,ssw
1770,1771,nbl
1771,1772,nso
1772,1773,tso
1773,1774,nbl
1774,1775,ssw
1775,1776,nso
1776,1777,sot
1777,1778,tso
1778,1779,eng
1779,1780,sot
1780,1781,nbl
1781,1782,eng
1782,1783,xho
1783,1784,tso
1784,1785,ssw
1785,1786,sot
1786,1787,xho
1787,1788,sot
1788,1789,afr
1789,1790,eng
1790,1791,afr
1791,1792,zul
1792,1793,nbl
1793,1794,afr
1794,1795,nso
1795,1796,eng
1796,1797,zul
1797,1798,eng
1798,1799,xho
1799,1800,ven
1800,1801,zul
1801,1802,ssw
1802,1803,zul
1803,1804,nbl
1804,1805,tso
1805,1806,zul
1806,1807,tso
1807,1808,zul
1808,1809,zul
1809,1810,xho
1810,1811,nso
1811,1812,ssw
1812,1813,xho
1813,1814,xho
1814,1815,sot
1815,1816,eng
1816,1817,nso
1817,1818,xho
1818,1819,tsn
1819,1820,ssw
1820,1821,tsn
1821,1822,tsn
1822,1823,ssw
1823,1824,afr
1824,1825,eng
1825,1826,eng
1826,1827,eng
1827,1828,eng
1828,1829,eng
1829,1830,afr
1830,1831,ven
1831,1832,nso
1832,1833,tso
1833,1834,tso
1834,1835,zul
1835,1836,tsn
1836,1837,xho
1837,1838,ven
1838,1839,xho
1839,1840,sot
1840,1841,tso
1841,1842,sot
1842,1843,sot
1843,1844,sot
1844,1845,ven
1845,1846,ven
1846,1847,nbl
1847,1848,tso
1848,1849,tsn
1849,1850,sot
1850,1851,afr
1851,1852,eng
1852,1853,ven
1853,1854,ssw
1854,1855,tsn
1855,1856,afr
1856,1857,nbl
1857,1858,ssw
1858,1859,tsn
1859,1860,tsn
1860,1861,ven
1861,1862,eng
1862,1863,sot
1863,1864,afr
1864,1865,nso
1865,1866,afr
1866,1867,xho
1867,1868,tso
1868,1869,tso
1869,1870,eng
1870,1871,xho
1871,1872,tso
1872,1873,ssw
1873,1874,eng
1874,1875,eng
1875,1876,ven
1876,1877,nso
1877,1878,ssw
1878,1879,tsn
1879,1880,ven
1880,1881,sot
1881,1882,tsn
1882,1883,nbl
1883,1884,tso
1884,1885,nso
1885,1886,xho
1886,1887,eng
1887,1888,ssw
1888,1889,ven
1889,1890,ssw
1890,1891,xho
1891,1892,ssw
1892,1893,tso
1893,1894,sot
1894,1895,tsn
1895,1896,xho
1896,1897,zul
1897,1898,eng
1898,1899,zul
1899,1900,tsn
1900,1901,tso
1901,1902,eng
1902,1903,tso
1903,1904,eng
1904,1905,nso
1905,1906,nbl
1906,1907,tso
1907,1908,ven
1908,1909,eng
1909,1910,ssw
1910,1911,ssw
1911,1912,ssw
1912,1913,xho
1913,1914,nso
1914,1915,ssw
1915,1916,ssw
1916,1917,zul
1917,1918,xho
1918,1919,afr
1919,1920,nbl
1920,1921,tso
1921,1922,eng
1922,1923,nso
1923,1924,ssw
1924,1925,eng
1925,1926,afr
1926,1927,eng
1927,1928,tso
1928,1929,eng
1929,1930,afr
1930,1931,ven
1931,1932,tsn
1932,1933,eng
1933,1934,ven
1934,1935,ssw
1935,1936,ven
1936,1937,xho
1937,1938,ven
1938,1939,nso
1939,1940,afr
1940,1941,tso
1941,1942,nso
1942,1943,xho
1943,1944,nbl
1944,1945,tso
1945,1946,tsn
1946,1947,nbl
1947,1948,zul
1948,1949,ssw
1949,1950,nbl
1950,1951,tsn
1951,1952,xho
1952,1953,nbl
1953,1954,nso
1954,1955,ssw
1955,1956,nbl
1956,1957,zul
1957,1958,xho
1958,1959,afr
1959,1960,afr
1960,1961,tsn
1961,1962,nso
1962,1963,sot
1963,1964,tsn
1964,1965,eng
1965,1966,nso
1966,1967,ssw
1967,1968,ssw
1968,1969,eng
1969,1970,tso
1970,1971,ssw
1971,1972,eng
1972,1973,ssw
1973,1974,nso
1974,1975,eng
1975,1976,eng
1976,1977,zul
1977,1978,ven
1978,1979,xho
1979,1980,zul
1980,1981,sot
1981,1982,ssw
1982,1983,eng
1983,1984,nbl
1984,1985,zul
1985,1986,ven
1986,1987,sot
1987,1988,ven
1988,1989,afr
1989,1990,ven
1990,1991,tso
1991,1992,ssw
1992,1993,ssw
1993,1994,tso
1994,1995,eng
1995,1996,ven
1996,1997,tsn
1997,1998,sot
1998,1999,eng
1999,2000,nso
2000,2001,xho
2001,2002,ven
2002,2003,ssw
2003,2004,nso
2004,2005,zul
2005,2006,tso
2006,2007,eng
2007,2008,zul
2008,2009,ven
2009,2010,zul
2010,2011,tsn
2011,2012,afr
2012,2013,zul
2013,2014,xho
2014,2015,zul
2015,2016,ssw
2016,2017,tso
2017,2018,tsn
2018,2019,afr
2019,2020,nso
2020,2021,tso
2021,2022,nso
2022,2023,sot
2023,2024,afr
2024,2025,eng
2025,2026,xho
2026,2027,nso
2027,2028,afr
2028,2029,nbl
2029,2030,tsn
2030,2031,sot
2031,2032,xho
2032,2033,zul
2033,2034,nbl
2034,2035,ven
2035,2036,eng
2036,2037,xho
2037,2038,zul
2038,2039,sot
2039,2040,zul
2040,2041,tso
2041,2042,zul
2042,2043,tsn
2043,2044,xho
2044,2045,eng
2045,2046,eng
2046,2047,tso
2047,2048,tso
2048,2049,ssw
2049,2050,zul
2050,2051,nso
2051,2052,nso
2052,2053,ven
2053,2054,zul
2054,2055,tso
2055,2056,nso
2056,2057,nbl
2057,2058,tsn
2058,2059,eng
2059,2060,nbl
2060,2061,tsn
2061,2062,sot
2062,2063,zul
2063,2064,zul
2064,2065,ssw
2065,2066,zul
2066,2067,tsn
2067,2068,ven
2068,2069,nbl
2069,2070,ven
2070,2071,zul
2071,2072,xho
2072,2073,tso
2073,2074,sot
2074,2075,nso
2075,2076,eng
2076,2077,sot
2077,2078,zul
2078,2079,nbl
2079,2080,ven
2080,2081,afr
2081,2082,eng
2082,2083,ven
2083,2084,xho
2084,2085,nbl
2085,2086,ssw
2086,2087,nso
2087,2088,ven
2088,2089,ven
2089,2090,nso
2090,2091,nbl
2091,2092,tso
2092,2093,zul
2093,2094,ven
2094,2095,tsn
2095,2096,zul
2096,2097,nbl
2097,2098,tsn
2098,2099,ssw
2099,2100,ven
2100,2101,tso
2101,2102,ven
2102,2103,ssw
2103,2104,afr
2104,2105,sot
2105,2106,sot
2106,2107,nso
2107,2108,sot
2108,2109,ssw
2109,2110,ven
2110,2111,ssw
2111,2112,nso
2112,2113,zul
2113,2114,sot
2114,2115,xho
2115,2116,ven
2116,2117,eng
2117,2118,nso
2118,2119,nbl
2119,2120,ssw
2120,2121,ven
2121,2122,xho
2122,2123,zul
2123,2124,sot
2124,2125,sot
2125,2126,tso
2126,2127,nbl
2127,2128,nbl
2128,2129,eng
2129,2130,afr
2130,2131,tsn
2131,2132,tsn
2132,2133,tsn
2133,2134,tsn
2134,2135,afr
2135,2136,nbl
2136,2137,ven
2137,2138,afr
2138,2139,ven
2139,2140,nbl
2140,2141,nso
2141,2142,ven
2142,2143,sot
2143,2144,nbl
2144,2145,tsn
2145,2146,sot
2146,2147,afr
2147,2148,tso
2148,2149,eng
2149,2150,nbl
2150,2151,ven
2151,2152,ven
2152,2153,afr
2153,2154,tsn
2154,2155,ssw
2155,2156,eng
2156,2157,tso
2157,2158,xho
2158,2159,ven
2159,2160,tsn
2160,2161,eng
2161,2162,eng
2162,2163,tso
2163,2164,tso
2164,2165,ssw
2165,2166,ven
2166,2167,eng
2167,2168,afr
2168,2169,afr
2169,2170,ven
2170,2171,nbl
2171,2172,nso
2172,2173,tso
2173,2174,sot
2174,2175,nbl
2175,2176,xho
2176,2177,sot
2177,2178,ssw
2178,2179,ven
2179,2180,ven
2180,2181,nso
2181,2182,eng
2182,2183,nbl
2183,2184,ven
2184,2185,nbl
2185,2186,nso
2186,2187,nbl
2187,2188,zul
2188,2189,ven
2189,2190,xho
2190,2191,nbl
2191,2192,zul
2192,2193,tsn
2193,2194,zul
2194,2195,xho
2195,2196,zul
2196,2197,eng
2197,2198,ssw
2198,2199,eng
2199,2200,nso
2200,2201,xho
2201,2202,eng
2202,2203,ssw
2203,2204,nso
2204,2205,nbl
2205,2206,ssw
2206,2207,zul
2207,2208,xho
2208,2209,tsn
2209,2210,ven
2210,2211,ssw
2211,2212,afr
2212,2213,sot
2213,2214,sot
2214,2215,eng
2215,2216,xho
2216,2217,afr
2217,2218,zul
2218,2219,eng
2219,2220,eng
2220,2221,nso
2221,2222,afr
2222,2223,zul
2223,2224,nbl
2224,2225,tsn
2225,2226,afr
2226,2227,xho
2227,2228,tso
2228,2229,eng
2229,2230,xho
2230,2231,ven
2231,2232,afr
2232,2233,tso
2233,2234,tso
2234,2235,nbl
2235,2236,nso
2236,2237,sot
2237,2238,tsn
2238,2239,afr
2239,2240,nbl
2240,2241,eng
2241,2242,ven
2242,2243,nbl
2243,2244,tso
2244,2245,xho
2245,2246,afr
2246,2247,tsn
2247,2248,ven
2248,2249,tsn
2249,2250,ven
2250,2251,tso
2251,2252,ssw
2252,2253,ven
2253,2254,nbl
2254,2255,eng
2255,2256,ssw
2256,2257,tso
2257,2258,afr
2258,2259,sot
2259,2260,zul
2260,2261,ven
2261,2262,ssw
2262,2263,ven
2263,2264,ven
2264,2265,eng
2265,2266,eng
2266,2267,afr
2267,2268,zul
2268,2269,tso
2269,2270,zul
2270,2271,sot
2271,2272,nbl
2272,2273,afr
2273,2274,eng
2274,2275,afr
2275,2276,ssw
2276,2277,afr
2277,2278,nso
2278,2279,tso
2279,2280,sot
2280,2281,afr
2281,2282,sot
2282,2283,ssw
2283,2284,afr
2284,2285,nbl
2285,2286,ven
2286,2287,eng
2287,2288,afr
2288,2289,nbl
2289,2290,eng
2290,2291,ssw
2291,2292,ven
2292,2293,xho
2293,2294,tsn
2294,2295,sot
2295,2296,tso
2296,2297,ven
2297,2298,sot
2298,2299,xho
2299,2300,afr
2300,2301,xho
2301,2302,nso
2302,2303,sot
2303,2304,eng
2304,2305,tso
2305,2306,nbl
2306,2307,afr
2307,2308,tsn
2308,2309,nbl
2309,2310,ssw
2310,2311,nbl
2311,2312,xho
2312,2313,eng
2313,2314,xho
2314,2315,xho
2315,2316,nbl
2316,2317,sot
2317,2318,sot
2318,2319,ven
2319,2320,sot
2320,2321,nso
2321,2322,zul
2322,2323,ssw
2323,2324,tso
2324,2325,ssw
2325,2326,zul
2326,2327,xho
2327,2328,tso
2328,2329,sot
2329,2330,sot
2330,2331,sot
2331,2332,nbl
2332,2333,ssw
2333,2334,ven
2334,2335,afr
2335,2336,tsn
2336,2337,tsn
2337,2338,tsn
2338,2339,tso
2339,2340,tsn
2340,2341,ssw
2341,2342,eng
2342,2343,afr
2343,2344,zul
2344,2345,sot
2345,2346,nbl
2346,2347,eng
2347,2348,afr
2348,2349,tso
2349,2350,nso
2350,2351,sot
2351,2352,nso
2352,2353,ven
2353,2354,afr
2354,2355,tso
2355,2356,eng
2356,2357,zul
2357,2358,zul
2358,2359,afr
2359,2360,afr
2360,2361,ven
2361,2362,tso
2362,2363,zul
2363,2364,tso
2364,2365,ven
2365,2366,afr
2366,2367,tsn
2367,2368,afr
2368,2369,ssw
2369,2370,sot
2370,2371,tsn
2371,2372,tso
2372,2373,ven
2373,2374,ven
2374,2375,nbl
2375,2376,eng
2376,2377,xho
2377,2378,nbl
2378,2379,afr
2379,2380,ssw
2380,2381,zul
2381,2382,xho
2382,2383,tsn
2383,2384,nbl
2384,2385,tsn
2385,2386,tso
2386,2387,ven
2387,2388,tso
2388,2389,eng
2389,2390,afr
2390,2391,zul
2391,2392,xho
2392,2393,ssw
2393,2394,eng
2394,2395,nso
2395,2396,tso
2396,2397,nbl
2397,2398,afr
2398,2399,ssw
2399,2400,tso
2400,2401,sot
2401,2402,tsn
2402,2403,sot
2403,2404,afr
2404,2405,tso
2405,2406,afr
2406,2407,eng
2407,2408,zul
2408,2409,zul
2409,2410,nbl
2410,2411,tsn
2411,2412,tsn
2412,2413,ssw
2413,2414,xho
2414,2415,ven
2415,2416,tso
2416,2417,tsn
2417,2418,ssw
2418,2419,xho
2419,2420,eng
2420,2421,nso
2421,2422,afr
2422,2423,tsn
2423,2424,tso
2424,2425,sot
2425,2426,afr
2426,2427,xho
2427,2428,zul
2428,2429,zul
2429,2430,afr
2430,2431,eng
2431,2432,tsn
2432,2433,sot
2433,2434,afr
2434,2435,tsn
2435,2436,tsn
2436,2437,ssw
2437,2438,nbl
2438,2439,tso
2439,2440,tsn
2440,2441,nso
2441,2442,xho
2442,2443,tso
2443,2444,afr
2444,2445,xho
2445,2446,afr
2446,2447,ven
2447,2448,eng
2448,2449,xho
2449,2450,xho
2450,2451,ven
2451,2452,sot
2452,2453,ssw
2453,2454,zul
2454,2455,ssw
2455,2456,zul
2456,2457,tsn
2457,2458,ssw
2458,2459,ssw
2459,2460,zul
2460,2461,sot
2461,2462,tsn
2462,2463,nbl
2463,2464,nbl
2464,2465,sot
2465,2466,tso
2466,2467,nso
2467,2468,afr
2468,2469,sot
2469,2470,afr
2470,2471,xho
2471,2472,sot
2472,2473,nbl
2473,2474,eng
2474,2475,nso
2475,2476,ssw
2476,2477,sot
2477,2478,eng
2478,2479,tsn
2479,2480,xho
2480,2481,xho
2481,2482,nbl
2482,2483,afr
2483,2484,tsn
2484,2485,ven
2485,2486,xho
2486,2487,sot
2487,2488,tsn
2488,2489,ssw
2489,2490,eng
2490,2491,nbl
2491,2492,tso
2492,2493,xho
2493,2494,ven
2494,2495,ven
2495,2496,sot
2496,2497,xho
2497,2498,xho
2498,2499,eng
2499,2500,tsn
2500,2501,nso
2501,2502,nso
2502,2503,nbl
2503,2504,tso
2504,2505,tsn
2505,2506,zul
2506,2507,xho
2507,2508,nbl
2508,2509,ven
2509,2510,ven
2510,2511,ssw
2511,2512,zul
2512,2513,sot
2513,2514,nbl
2514,2515,nbl
2515,2516,nbl
2516,2517,afr
2517,2518,xho
2518,2519,xho
2519,2520,zul
2520,2521,tso
2521,2522,nso
2522,2523,eng
2523,2524,tsn
2524,2525,zul
2525,2526,nso
2526,2527,tsn
2527,2528,afr
2528,2529,tso
2529,2530,tsn
2530,2531,tso
2531,2532,nbl
2532,2533,zul
2533,2534,ssw
2534,2535,tsn
2535,2536,sot
2536,2537,nbl
2537,2538,eng
2538,2539,sot
2539,2540,tsn
2540,2541,ven
2541,2542,eng
2542,2543,zul
2543,2544,ssw
2544,2545,eng
2545,2546,nso
2546,2547,ven
2547,2548,tsn
2548,2549,tsn
2549,2550,nso
2550,2551,afr
2551,2552,xho
2552,2553,eng
2553,2554,nso
2554,2555,nbl
2555,2556,sot
2556,2557,ven
2557,2558,xho
2558,2559,zul
2559,2560,sot
2560,2561,nbl
2561,2562,afr
2562,2563,eng
2563,2564,afr
2564,2565,ssw
2565,2566,nbl
2566,2567,nso
2567,2568,afr
2568,2569,ven
2569,2570,tso
2570,2571,eng
2571,2572,afr
2572,2573,nso
2573,2574,tsn
2574,2575,tsn
2575,2576,afr
2576,2577,nbl
2577,2578,ven
2578,2579,zul
2579,2580,zul
2580,2581,zul
2581,2582,sot
2582,2583,zul
2583,2584,zul
2584,2585,eng
2585,2586,afr
2586,2587,tsn
2587,2588,ssw
2588,2589,afr
2589,2590,zul
2590,2591,nbl
2591,2592,nbl
2592,2593,ssw
2593,2594,zul
2594,2595,tsn
2595,2596,ven
2596,2597,xho
2597,2598,ssw
2598,2599,eng
2599,2600,eng
2600,2601,ssw
2601,2602,tso
2602,2603,nso
2603,2604,eng
2604,2605,sot
2605,2606,ssw
2606,2607,zul
2607,2608,sot
2608,2609,ven
2609,2610,tsn
2610,2611,ven
2611,2612,tso
2612,2613,eng
2613,2614,tsn
2614,2615,sot
2615,2616,nso
2616,2617,zul
2617,2618,tsn
2618,2619,ssw
2619,2620,nso
2620,2621,zul
2621,2622,eng
2622,2623,xho
2623,2624,sot
2624,2625,nso
2625,2626,nbl
2626,2627,eng
2627,2628,nbl
2628,2629,eng
2629,2630,nso
2630,2631,nbl
2631,2632,eng
2632,2633,zul
2633,2634,sot
2634,2635,afr
2635,2636,tsn
2636,2637,ssw
2637,2638,zul
2638,2639,tsn
2639,2640,nbl
2640,2641,eng
2641,2642,sot
2642,2643,zul
2643,2644,sot
2644,2645,xho
2645,2646,nso
2646,2647,eng
2647,2648,afr
2648,2649,tsn
2649,2650,nso
2650,2651,ssw
2651,2652,eng
2652,2653,ssw
2653,2654,eng
2654,2655,xho
2655,2656,tso
2656,2657,ven
2657,2658,sot
2658,2659,zul
2659,2660,nso
2660,2661,afr
2661,2662,ven
2662,2663,sot
2663,2664,nso
2664,2665,ssw
2665,2666,ven
2666,2667,afr
2667,2668,ssw
2668,2669,nso
2669,2670,ven
2670,2671,xho
2671,2672,nso
2672,2673,sot
2673,2674,afr
2674,2675,nso
2675,2676,nso
2676,2677,afr
2677,2678,afr
2678,2679,sot
2679,2680,tso
2680,2681,zul
2681,2682,xho
2682,2683,ven
2683,2684,nso
2684,2685,nso
2685,2686,sot
2686,2687,zul
2687,2688,nso
2688,2689,ssw
2689,2690,sot
2690,2691,tso
2691,2692,xho
2692,2693,ven
2693,2694,zul
2694,2695,ssw
2695,2696,nbl
2696,2697,ven
2697,2698,ssw
2698,2699,nbl
2699,2700,ssw
2700,2701,tsn
2701,2702,tsn
2702,2703,ssw
2703,2704,tsn
2704,2705,tso
2705,2706,nbl
2706,2707,eng
2707,2708,tsn
2708,2709,nso
2709,2710,eng
2710,2711,tso
2711,2712,nso
2712,2713,ven
2713,2714,tso
2714,2715,tso
2715,2716,ven
2716,2717,ssw
2717,2718,tso
2718,2719,zul
2719,2720,xho
2720,2721,ven
2721,2722,xho
2722,2723,nso
2723,2724,zul
2724,2725,afr
2725,2726,tso
2726,2727,zul
2727,2728,tso
2728,2729,tsn
2729,2730,tso
2730,2731,tsn
2731,2732,nbl
2732,2733,afr
2733,2734,sot
2734,2735,tso
2735,2736,sot
2736,2737,ssw
2737,2738,tso
2738,2739,tso
2739,2740,tso
2740,2741,ven
2741,2742,ven
2742,2743,zul
2743,2744,eng
2744,2745,tsn
2745,2746,tso
2746,2747,ssw
2747,2748,nso
2748,2749,nso
2749,2750,tso
2750,2751,zul
2751,2752,sot
2752,2753,eng
2753,2754,ven
2754,2755,afr
2755,2756,eng
2756,2757,nso
2757,2758,nso
2758,2759,ssw
2759,2760,ssw
2760,2761,xho
2761,2762,nbl
2762,2763,xho
2763,2764,nbl
2764,2765,nbl
2765,2766,eng
2766,2767,ven
2767,2768,ven
2768,2769,tso
2769,2770,eng
2770,2771,tso
2771,2772,nbl
2772,2773,xho
2773,2774,ssw
2774,2775,tsn
2775,2776,zul
2776,2777,xho
2777,2778,eng
2778,2779,tsn
2779,2780,tso
2780,2781,nbl
2781,2782,tso
2782,2783,zul
2783,2784,nbl
2784,2785,ven
2785,2786,xho
2786,2787,sot
2787,2788,ssw
2788,2789,tsn
2789,2790,tso
2790,2791,zul
2791,2792,tsn
2792,2793,ssw
2793,2794,tso
2794,2795,eng
2795,2796,nbl
2796,2797,zul
2797,2798,afr
2798,2799,nso
2799,2800,eng
2800,2801,tso
2801,2802,afr
2802,2803,tsn
2803,2804,ssw
2804,2805,eng
2805,2806,eng
2806,2807,tso
2807,2808,xho
2808,2809,tsn
2809,2810,zul
2810,2811,ven
2811,2812,nbl
2812,2813,xho
2813,2814,xho
2814,2815,nso
2815,2816,tsn
2816,2817,xho
2817,2818,tsn
2818,2819,tso
2819,2820,nbl
2820,2821,zul
2821,2822,nso
2822,2823,ven
2823,2824,nso
2824,2825,tsn
2825,2826,xho
2826,2827,ssw
2827,2828,eng
2828,2829,tso
2829,2830,eng
2830,2831,tso
2831,2832,ven
2832,2833,nbl
2833,2834,eng
2834,2835,nso
2835,2836,xho
2836,2837,ssw
2837,2838,nso
2838,2839,tso
2839,2840,zul
2840,2841,nso
2841,2842,afr
2842,2843,xho
2843,2844,tsn
2844,2845,zul
2845,2846,nso
2846,2847,nbl
2847,2848,sot
2848,2849,eng
2849,2850,nbl
2850,2851,nbl
2851,2852,zul
2852,2853,ven
2853,2854,zul
2854,2855,zul
2855,2856,nbl
2856,2857,eng
2857,2858,ssw
2858,2859,nso
2859,2860,xho
2860,2861,afr
2861,2862,tsn
2862,2863,nso
2863,2864,nso
2864,2865,zul
2865,2866,sot
2866,2867,tsn
2867,2868,sot
2868,2869,ven
2869,2870,tsn
2870,2871,nbl
2871,2872,nbl
2872,2873,afr
2873,2874,ssw
2874,2875,nbl
2875,2876,nso
2876,2877,afr
2877,2878,zul
2878,2879,tsn
2879,2880,tsn
2880,2881,nso
2881,2882,nso
2882,2883,tso
2883,2884,nso
2884,2885,ssw
2885,2886,afr
2886,2887,tso
2887,2888,tso
2888,2889,afr
2889,2890,tso
2890,2891,ven
2891,2892,afr
2892,2893,afr
2893,2894,ven
2894,2895,ssw
2895,2896,eng
2896,2897,xho
2897,2898,xho
2898,2899,tso
2899,2900,zul
2900,2901,afr
2901,2902,nbl
2902,2903,zul
2903,2904,tsn
2904,2905,tso
2905,2906,sot
2906,2907,sot
2907,2908,ven
2908,2909,xho
2909,2910,afr
2910,2911,ven
2911,2912,afr
2912,2913,ven
2913,2914,nso
2914,2915,zul
2915,2916,ssw
2916,2917,ven
2917,2918,tso
2918,2919,tsn
2919,2920,afr
2920,2921,xho
2921,2922,nbl
2922,2923,nso
2923,2924,tso
2924,2925,zul
2925,2926,afr
2926,2927,nbl
2927,2928,afr
2928,2929,xho
2929,2930,nbl
2930,2931,sot
2931,2932,tsn
2932,2933,zul
2933,2934,tso
2934,2935,tso
2935,2936,ssw
2936,2937,zul
2937,2938,ven
2938,2939,eng
2939,2940,eng
2940,2941,ssw
2941,2942,xho
2942,2943,ven
2943,2944,tso
2944,2945,ven
2945,2946,tsn
2946,2947,eng
2947,2948,ssw
2948,2949,tsn
2949,2950,ven
2950,2951,ssw
2951,2952,tsn
2952,2953,ssw
2953,2954,nbl
2954,2955,zul
2955,2956,sot
2956,2957,nso
2957,2958,nbl
2958,2959,eng
2959,2960,sot
2960,2961,tso
2961,2962,xho
2962,2963,ven
2963,2964,afr
2964,2965,nso
2965,2966,xho
2966,2967,eng
2967,2968,afr
2968,2969,tsn
2969,2970,eng
2970,2971,xho
2971,2972,nso
2972,2973,sot
2973,2974,nso
2974,2975,afr
2975,2976,xho
2976,2977,nbl
2977,2978,eng
2978,2979,nbl
2979,2980,ven
2980,2981,nbl
2981,2982,ssw
2982,2983,sot
2983,2984,xho
2984,2985,ssw
2985,2986,tsn
2986,2987,nbl
2987,2988,zul
2988,2989,tso
2989,2990,tsn
2990,2991,afr
2991,2992,sot
2992,2993,afr
2993,2994,ssw
2994,2995,sot
2995,2996,sot
2996,2997,zul
2997,2998,zul
2998,2999,zul
2999,3000,nso
3000,3001,nbl
3001,3002,zul
3002,3003,xho
3003,3004,ssw
3004,3005,zul
3005,3006,nbl
3006,3007,afr
3007,3008,afr
3008,3009,tso
3009,3010,eng
3010,3011,ssw
3011,3012,afr
3012,3013,ssw
3013,3014,xho
3014,3015,ssw
3015,3016,eng
3016,3017,nbl
3017,3018,nso
3018,3019,ssw
3019,3020,nbl
3020,3021,nbl
3021,3022,tsn
3022,3023,xho
3023,3024,eng
3024,3025,tsn
3025,3026,xho
3026,3027,ssw
3027,3028,nso
3028,3029,tsn
3029,3030,tsn
3030,3031,tsn
3031,3032,ssw
3032,3033,xho
3033,3034,ssw
3034,3035,tso
3035,3036,xho
3036,3037,xho
3037,3038,eng
3038,3039,tsn
3039,3040,zul
3040,3041,sot
3041,3042,sot
3042,3043,tso
3043,3044,nbl
3044,3045,ssw
3045,3046,eng
3046,3047,ven
3047,3048,nso
3048,3049,tso
3049,3050,eng
3050,3051,tsn
3051,3052,ven
3052,3053,ven
3053,3054,nbl
3054,3055,tsn
3055,3056,ssw
3056,3057,xho
3057,3058,xho
3058,3059,afr
3059,3060,nbl
3060,3061,tsn
3061,3062,eng
3062,3063,zul
3063,3064,tso
3064,3065,nbl
3065,3066,sot
3066,3067,ven
3067,3068,ssw
3068,3069,zul
3069,3070,xho
3070,3071,afr
3071,3072,nbl
3072,3073,eng
3073,3074,sot
3074,3075,ssw
3075,3076,ven
3076,3077,tsn
3077,3078,tso
3078,3079,ssw
3079,3080,zul
3080,3081,ven
3081,3082,afr
3082,3083,tsn
3083,3084,nbl
3084,3085,tso
3085,3086,eng
3086,3087,xho
3087,3088,sot
3088,3089,eng
3089,3090,ssw
3090,3091,eng
3091,3092,tsn
3092,3093,tsn
3093,3094,tsn
3094,3095,ven
3095,3096,tsn
3096,3097,xho
3097,3098,nbl
3098,3099,tsn
3099,3100,ssw
3100,3101,ssw
3101,3102,ssw
3102,3103,zul
3103,3104,tso
3104,3105,zul
3105,3106,nso
3106,3107,tsn
3107,3108,tsn
3108,3109,zul
3109,3110,nso
3110,3111,zul
3111,3112,nbl
3112,3113,tso
3113,3114,tso
3114,3115,nbl
3115,3116,tsn
3116,3117,nbl
3117,3118,xho
3118,3119,nbl
3119,3120,nso
3120,3121,sot
3121,3122,ven
3122,3123,eng
3123,3124,tso
3124,3125,afr
3125,3126,nbl
3126,3127,tso
3127,3128,xho
3128,3129,zul
3129,3130,ssw
3130,3131,sot
3131,3132,tso
3132,3133,nso
3133,3134,afr
3134,3135,ven
3135,3136,sot
3136,3137,ven
3137,3138,eng
3138,3139,tso
3139,3140,eng
3140,3141,sot
3141,3142,nso
3142,3143,tsn
3143,3144,ven
3144,3145,nso
3145,3146,afr
3146,3147,tso
3147,3148,ssw
3148,3149,ven
3149,3150,xho
3150,3151,ssw
3151,3152,ssw
3152,3153,tso
3153,3154,sot
3154,3155,ven
3155,3156,nso
3156,3157,tsn
3157,3158,ven
3158,3159,nso
3159,3160,ven
3160,3161,xho
3161,3162,nbl
3162,3163,ven
3163,3164,tso
3164,3165,zul
3165,3166,afr
3166,3167,tso
3167,3168,nbl
3168,3169,ven
3169,3170,tsn
3170,3171,tsn
3171,3172,afr
3172,3173,zul
3173,3174,ven
3174,3175,ven
3175,3176,ven
3176,3177,sot
3177,3178,nso
3178,3179,ssw
3179,3180,eng
3180,3181,ssw
3181,3182,eng
3182,3183,nso
3183,3184,tso
3184,3185,tsn
3185,3186,xho
3186,3187,nso
3187,3188,ven
3188,3189,nbl
3189,3190,sot
3190,3191,afr
3191,3192,ssw
3192,3193,ven
3193,3194,afr
3194,3195,afr
3195,3196,nso
3196,3197,xho
3197,3198,nbl
3198,3199,afr
3199,3200,ssw
3200,3201,xho
3201,3202,eng
3202,3203,eng
3203,3204,tsn
3204,3205,tso
3205,3206,afr
3206,3207,afr
3207,3208,afr
3208,3209,nbl
3209,3210,ven
3210,3211,afr
3211,3212,tso
3212,3213,zul
3213,3214,tso
3214,3215,tsn
3215,3216,xho
3216,3217,afr
3217,3218,tsn
3218,3219,nbl
3219,3220,eng
3220,3221,ven
3221,3222,nso
3222,3223,nso
3223,3224,tso
3224,3225,sot
3225,3226,ven
3226,3227,ssw
3227,3228,zul
3228,3229,eng
3229,3230,zul
3230,3231,sot
3231,3232,nbl
3232,3233,nbl
3233,3234,ven
3234,3235,tso
3235,3236,afr
3236,3237,afr
3237,3238,afr
3238,3239,ven
3239,3240,tsn
3240,3241,tsn
3241,3242,afr
3242,3243,eng
3243,3244,sot
3244,3245,nso
3245,3246,afr
3246,3247,zul
3247,3248,tso
3248,3249,sot
3249,3250,afr
3250,3251,tsn
3251,3252,eng
3252,3253,zul
3253,3254,zul
3254,3255,zul
3255,3256,xho
3256,3257,nbl
3257,3258,xho
3258,3259,tso
3259,3260,tsn
3260,3261,afr
3261,3262,tsn
3262,3263,ven
3263,3264,afr
3264,3265,nbl
3265,3266,eng
3266,3267,nbl
3267,3268,afr
3268,3269,xho
3269,3270,ssw
3270,3271,nbl
3271,3272,sot
3272,3273,tsn
3273,3274,nso
3274,3275,ssw
3275,3276,nso
3276,3277,ven
3277,3278,afr
3278,3279,afr
3279,3280,afr
3280,3281,tso
3281,3282,ssw
3282,3283,tsn
3283,3284,eng
3284,3285,afr
3285,3286,tso
3286,3287,tso
3287,3288,nso
3288,3289,sot
3289,3290,ven
3290,3291,ssw
3291,3292,eng
3292,3293,zul
3293,3294,xho
3294,3295,nso
3295,3296,tsn
3296,3297,eng
3297,3298,sot
3298,3299,sot
3299,3300,nso
3300,3301,sot
3301,3302,eng
3302,3303,nso
3303,3304,ssw
3304,3305,eng
3305,3306,ven
3306,3307,afr
3307,3308,nso
3308,3309,sot
3309,3310,ssw
3310,3311,nbl
3311,3312,nbl
3312,3313,tsn
3313,3314,nso
3314,3315,ssw
3315,3316,xho
3316,3317,nbl
3317,3318,ven
3318,3319,eng
3319,3320,eng
3320,3321,nso
3321,3322,ven
3322,3323,xho
3323,3324,ssw
3324,3325,nso
3325,3326,tsn
3326,3327,nbl
3327,3328,eng
3328,3329,tsn
3329,3330,tsn
3330,3331,tso
3331,3332,ven
3332,3333,xho
3333,3334,tso
3334,3335,zul
3335,3336,tso
3336,3337,nbl
3337,3338,ssw
3338,3339,tsn
3339,3340,xho
3340,3341,tso
3341,3342,tso
3342,3343,nso
3343,3344,eng
3344,3345,xho
3345,3346,tso
3346,3347,sot
3347,3348,nso
3348,3349,xho
3349,3350,xho
3350,3351,eng
3351,3352,ven
3352,3353,ven
3353,3354,sot
3354,3355,ssw
3355,3356,afr
3356,3357,nso
3357,3358,tso
3358,3359,ssw
3359,3360,tso
3360,3361,xho
3361,3362,zul
3362,3363,tso
3363,3364,zul
3364,3365,tsn
3365,3366,ssw
3366,3367,zul
3367,3368,eng
3368,3369,afr
3369,3370,ssw
3370,3371,ven
3371,3372,zul
3372,3373,afr
3373,3374,afr
3374,3375,eng
3375,3376,nso
3376,3377,afr
3377,3378,eng
3378,3379,tsn
3379,3380,tso
3380,3381,tso
3381,3382,tsn
3382,3383,ven
3383,3384,ssw
3384,3385,eng
3385,3386,ven
3386,3387,nbl
3387,3388,eng
3388,3389,ven
3389,3390,tsn
3390,3391,nso
3391,3392,ven
3392,3393,sot
3393,3394,eng
3394,3395,tsn
3395,3396,tsn
3396,3397,tso
3397,3398,nso
3398,3399,sot
3399,3400,zul
3400,3401,xho
3401,3402,nso
3402,3403,zul
3403,3404,xho
3404,3405,tsn
3405,3406,ven
3406,3407,xho
3407,3408,nso
3408,3409,eng
3409,3410,eng
3410,3411,xho
3411,3412,nbl
3412,3413,sot
3413,3414,nbl
3414,3415,ven
3415,3416,zul
3416,3417,xho
3417,3418,tsn
3418,3419,afr
3419,3420,nbl
3420,3421,afr
3421,3422,tsn
3422,3423,afr
3423,3424,afr
3424,3425,sot
3425,3426,ven
3426,3427,tsn
3427,3428,nso
3428,3429,ssw
3429,3430,afr
3430,3431,nso
3431,3432,xho
3432,3433,nbl
3433,3434,nso
3434,3435,afr
3435,3436,zul
3436,3437,tso
3437,3438,tsn
3438,3439,afr
3439,3440,afr
3440,3441,nbl
3441,3442,tsn
3442,3443,xho
3443,3444,sot
3444,3445,tso
3445,3446,nso
3446,3447,eng
3447,3448,tso
3448,3449,zul
3449,3450,nbl
3450,3451,nso
3451,3452,afr
3452,3453,tso
3453,3454,nso
3454,3455,xho
3455,3456,tso
3456,3457,tso
3457,3458,sot
3458,3459,sot
3459,3460,nso
3460,3461,sot
3461,3462,sot
3462,3463,nbl
3463,3464,tsn
3464,3465,afr
3465,3466,tsn
3466,3467,zul
3467,3468,tsn
3468,3469,eng
3469,3470,ven
3470,3471,eng
3471,3472,nso
3472,3473,zul
3473,3474,ven
3474,3475,ven
3475,3476,tsn
3476,3477,xho
3477,3478,nso
3478,3479,nbl
3479,3480,tso
3480,3481,nso
3481,3482,nbl
3482,3483,xho
3483,3484,sot
3484,3485,zul
3485,3486,ven
3486,3487,nso
3487,3488,ssw
3488,3489,nbl
3489,3490,ven
3490,3491,sot
3491,3492,sot
3492,3493,sot
3493,3494,ssw
3494,3495,xho
3495,3496,nso
3496,3497,tso
3497,3498,ven
3498,3499,tsn
3499,3500,tso
3500,3501,afr
3501,3502,ven
3502,3503,nbl
3503,3504,nso
3504,3505,sot
3505,3506,xho
3506,3507,zul
3507,3508,afr
3508,3509,afr
3509,3510,eng
3510,3511,tso
3511,3512,tsn
3512,3513,eng
3513,3514,sot
3514,3515,xho
3515,3516,nso
3516,3517,xho
3517,3518,tso
3518,3519,tso
3519,3520,tsn
3520,3521,nbl
3521,3522,tso
3522,3523,xho
3523,3524,zul
3524,3525,sot
3525,3526,nso
3526,3527,nbl
3527,3528,tsn
3528,3529,nbl
3529,3530,tso
3530,3531,sot
3531,3532,sot
3532,3533,ven
3533,3534,sot
3534,3535,xho
3535,3536,eng
3536,3537,ssw
3537,3538,zul
3538,3539,tsn
3539,3540,xho
3540,3541,tsn
3541,3542,zul
3542,3543,tsn
3543,3544,tso
3544,3545,nso
3545,3546,ven
3546,3547,ssw
3547,3548,sot
3548,3549,sot
3549,3550,ssw
3550,3551,tso
3551,3552,eng
3552,3553,zul
3553,3554,afr
3554,3555,nso
3555,3556,nso
3556,3557,eng
3557,3558,nso
3558,3559,ven
3559,3560,ven
3560,3561,ven
3561,3562,ven
3562,3563,tso
3563,3564,sot
3564,3565,tsn
3565,3566,tsn
3566,3567,eng
3567,3568,tso
3568,3569,zul
3569,3570,eng
3570,3571,sot
3571,3572,eng
3572,3573,afr
3573,3574,eng
3574,3575,nbl
3575,3576,eng
3576,3577,eng
3577,3578,ssw
3578,3579,ven
3579,3580,tsn
3580,3581,sot
3581,3582,afr
3582,3583,tso
3583,3584,afr
3584,3585,sot
3585,3586,tsn
3586,3587,nbl
3587,3588,sot
3588,3589,eng
3589,3590,ssw
3590,3591,ssw
3591,3592,tsn
3592,3593,nbl
3593,3594,tsn
3594,3595,ven
3595,3596,zul
3596,3597,xho
3597,3598,ven
3598,3599,tso
3599,3600,afr
3600,3601,zul
3601,3602,xho
3602,3603,tso
3603,3604,xho
3604,3605,ssw
3605,3606,ven
3606,3607,ssw
3607,3608,tso
3608,3609,tso
3609,3610,ssw
3610,3611,ven
3611,3612,afr
3612,3613,eng
3613,3614,eng
3614,3615,ssw
3615,3616,tso
3616,3617,nso
3617,3618,nbl
3618,3619,xho
3619,3620,nso
3620,3621,xho
3621,3622,tsn
3622,3623,xho
3623,3624,nbl
3624,3625,zul
3625,3626,nbl
3626,3627,nbl
3627,3628,ssw
3628,3629,zul
3629,3630,tsn
3630,3631,afr
3631,3632,ssw
3632,3633,nbl
3633,3634,nbl
3634,3635,sot
3635,3636,nbl
3636,3637,eng
3637,3638,tsn
3638,3639,ssw
3639,3640,nso
3640,3641,zul
3641,3642,nso
3642,3643,ven
3643,3644,zul
3644,3645,zul
3645,3646,afr
3646,3647,eng
3647,3648,sot
3648,3649,xho
3649,3650,afr
3650,3651,tso
3651,3652,xho
3652,3653,tsn
3653,3654,ven
3654,3655,ven
3655,3656,nso
3656,3657,ven
3657,3658,xho
3658,3659,tsn
3659,3660,afr
3660,3661,ven
3661,3662,eng
3662,3663,zul
3663,3664,ssw
3664,3665,tsn
3665,3666,sot
3666,3667,nso
3667,3668,zul
3668,3669,xho
3669,3670,tsn
3670,3671,nbl
3671,3672,eng
3672,3673,ven
3673,3674,afr
3674,3675,ven
3675,3676,xho
3676,3677,xho
3677,3678,nbl
3678,3679,zul
3679,3680,nbl
3680,3681,zul
3681,3682,xho
3682,3683,nso
3683,3684,afr
3684,3685,tsn
3685,3686,zul
3686,3687,xho
3687,3688,tsn
3688,3689,tso
3689,3690,afr
3690,3691,nbl
3691,3692,xho
3692,3693,eng
3693,3694,ven
3694,3695,nbl
3695,3696,zul
3696,3697,nso
3697,3698,xho
3698,3699,nso
3699,3700,nso
3700,3701,ven
3701,3702,nso
3702,3703,tso
3703,3704,afr
3704,3705,zul
3705,3706,ssw
3706,3707,zul
3707,3708,tso
3708,3709,ssw
3709,3710,ssw
3710,3711,sot
3711,3712,afr
3712,3713,tsn
3713,3714,tso
3714,3715,afr
3715,3716,tso
3716,3717,eng
3717,3718,ven
3718,3719,nso
3719,3720,nbl
3720,3721,tsn
3721,3722,ssw
3722,3723,tsn
3723,3724,eng
3724,3725,nbl
3725,3726,ssw
3726,3727,nso
3727,3728,nbl
3728,3729,nbl
3729,3730,tsn
3730,3731,ven
3731,3732,ssw
3732,3733,eng
3733,3734,tsn
3734,3735,afr
3735,3736,tsn
3736,3737,ssw
3737,3738,tso
3738,3739,nbl
3739,3740,nbl
3740,3741,nbl
3741,3742,zul
3742,3743,zul
3743,3744,tso
3744,3745,afr
3745,3746,afr
3746,3747,ven
3747,3748,nbl
3748,3749,ssw
3749,3750,tso
3750,3751,tsn
3751,3752,afr
3752,3753,nso
3753,3754,zul
3754,3755,tso
3755,3756,afr
3756,3757,eng
3757,3758,ssw
3758,3759,tso
3759,3760,afr
3760,3761,xho
3761,3762,tsn
3762,3763,nso
3763,3764,ssw
3764,3765,eng
3765,3766,eng
3766,3767,tso
3767,3768,tso
3768,3769,zul
3769,3770,ven
3770,3771,ven
3771,3772,xho
3772,3773,ven
3773,3774,nbl
3774,3775,afr
3775,3776,tso
3776,3777,xho
3777,3778,xho
3778,3779,tsn
3779,3780,xho
3780,3781,xho
3781,3782,eng
3782,3783,tsn
3783,3784,nso
3784,3785,sot
3785,3786,eng
3786,3787,sot
3787,3788,zul
3788,3789,nso
3789,3790,ssw
3790,3791,eng
3791,3792,tsn
3792,3793,zul
3793,3794,nso
3794,3795,afr
3795,3796,xho
3796,3797,ssw
3797,3798,nso
3798,3799,xho
3799,3800,nbl
3800,3801,zul
3801,3802,tsn
3802,3803,ven
3803,3804,zul
3804,3805,sot
3805,3806,tso
3806,3807,tsn
3807,3808,nbl
3808,3809,eng
3809,3810,zul
3810,3811,tsn
3811,3812,nso
3812,3813,ven
3813,3814,afr
3814,3815,ven
3815,3816,sot
3816,3817,zul
3817,3818,eng
3818,3819,tsn
3819,3820,eng
3820,3821,tso
3821,3822,sot
3822,3823,afr
3823,3824,tsn
3824,3825,nso
3825,3826,afr
3826,3827,nbl
3827,3828,tso
3828,3829,tsn
3829,3830,tso
3830,3831,afr
3831,3832,xho
3832,3833,afr
3833,3834,tso
3834,3835,tso
3835,3836,xho
3836,3837,nso
3837,3838,eng
3838,3839,nbl
3839,3840,nbl
3840,3841,ven
3841,3842,sot
3842,3843,ssw
3843,3844,ssw
3844,3845,afr
3845,3846,zul
3846,3847,ven
3847,3848,nso
3848,3849,eng
3849,3850,ssw
3850,3851,tsn
3851,3852,tso
3852,3853,nbl
3853,3854,sot
3854,3855,eng
3855,3856,afr
3856,3857,tso
3857,3858,nso
3858,3859,zul
3859,3860,afr
3860,3861,zul
3861,3862,zul
3862,3863,tso
3863,3864,nso
3864,3865,xho
3865,3866,afr
3866,3867,xho
3867,3868,afr
3868,3869,sot
3869,3870,nbl
3870,3871,nbl
3871,3872,tso
3872,3873,nbl
3873,3874,nbl
3874,3875,ven
3875,3876,xho
3876,3877,tso
3877,3878,afr
3878,3879,zul
3879,3880,nbl
3880,3881,eng
3881,3882,afr
3882,3883,afr
3883,3884,ven
3884,3885,ven
3885,3886,tsn
3886,3887,sot
3887,3888,tsn
3888,3889,sot
3889,3890,nbl
3890,3891,tso
3891,3892,ssw
3892,3893,nbl
3893,3894,nso
3894,3895,zul
3895,3896,zul
3896,3897,ssw
3897,3898,nso
3898,3899,eng
3899,3900,tso
3900,3901,afr
3901,3902,tso
3902,3903,nso
3903,3904,tsn
3904,3905,tso
3905,3906,sot
3906,3907,afr
3907,3908,nbl
3908,3909,nbl
3909,3910,afr
3910,3911,eng
3911,3912,nbl
3912,3913,tsn
3913,3914,eng
3914,3915,sot
3915,3916,xho
3916,3917,nso
3917,3918,nbl
3918,3919,eng
3919,3920,ven
3920,3921,xho
3921,3922,zul
3922,3923,xho
3923,3924,tsn
3924,3925,sot
3925,3926,ssw
3926,3927,ven
3927,3928,xho
3928,3929,sot
3929,3930,xho
3930,3931,zul
3931,3932,ven
3932,3933,tso
3933,3934,nbl
3934,3935,sot
3935,3936,nbl
3936,3937,zul
3937,3938,eng
3938,3939,sot
3939,3940,zul
3940,3941,eng
3941,3942,nbl
3942,3943,xho
3943,3944,sot
3944,3945,nso
3945,3946,eng
3946,3947,zul
3947,3948,tsn
3948,3949,ven
3949,3950,tsn
3950,3951,sot
3951,3952,tsn
3952,3953,eng
3953,3954,nso
3954,3955,zul
3955,3956,ven
3956,3957,zul
3957,3958,xho
3958,3959,nso
3959,3960,sot
3960,3961,xho
3961,3962,ven
3962,3963,zul
3963,3964,afr
3964,3965,tso
3965,3966,zul
3966,3967,afr
3967,3968,sot
3968,3969,tsn
3969,3970,sot
3970,3971,tso
3971,3972,ssw
3972,3973,zul
3973,3974,nso
3974,3975,ven
3975,3976,afr
3976,3977,xho
3977,3978,tsn
3978,3979,ven
3979,3980,nbl
3980,3981,ven
3981,3982,ssw
3982,3983,tsn
3983,3984,zul
3984,3985,sot
3985,3986,tsn
3986,3987,ssw
3987,3988,afr
3988,3989,tso
3989,3990,tso
3990,3991,sot
3991,3992,tso
3992,3993,afr
3993,3994,xho
3994,3995,nso
3995,3996,ven
3996,3997,sot
3997,3998,nbl
3998,3999,zul
3999,4000,ssw
4000,4001,sot
4001,4002,zul
4002,4003,tso
4003,4004,sot
4004,4005,tsn
4005,4006,ven
4006,4007,tsn
4007,4008,ssw
4008,4009,ssw
4009,4010,tso
4010,4011,ssw
4011,4012,eng
4012,4013,xho
4013,4014,zul
4014,4015,zul
4015,4016,nso
4016,4017,afr
4017,4018,ven
4018,4019,nso
4019,4020,tso
4020,4021,ssw
4021,4022,ven
4022,4023,sot
4023,4024,tsn
4024,4025,ssw
4025,4026,afr
4026,4027,ven
4027,4028,tso
4028,4029,eng
4029,4030,ven
4030,4031,afr
4031,4032,ven
4032,4033,zul
4033,4034,ssw
4034,4035,zul
4035,4036,ven
4036,4037,nso
4037,4038,ssw
4038,4039,sot
4039,4040,nbl
4040,4041,ssw
4041,4042,afr
4042,4043,tsn
4043,4044,nbl
4044,4045,nso
4045,4046,xho
4046,4047,tsn
4047,4048,zul
4048,4049,eng
4049,4050,zul
4050,4051,zul
4051,4052,tso
4052,4053,tso
4053,4054,tso
4054,4055,ssw
4055,4056,nso
4056,4057,afr
4057,4058,sot
4058,4059,eng
4059,4060,zul
4060,4061,afr
4061,4062,sot
4062,4063,xho
4063,4064,tso
4064,4065,tso
4065,4066,afr
4066,4067,nso
4067,4068,afr
4068,4069,xho
4069,4070,ssw
4070,4071,eng
4071,4072,tso
4072,4073,sot
4073,4074,tso
4074,4075,sot
4075,4076,afr
4076,4077,tso
4077,4078,zul
4078,4079,eng
4079,4080,xho
4080,4081,tsn
4081,4082,ven
4082,4083,nbl
4083,4084,xho
4084,4085,afr
4085,4086,zul
4086,4087,nso
4087,4088,ven
4088,4089,ven
4089,4090,tso
4090,4091,ven
4091,4092,ven
4092,4093,afr
4093,4094,eng
4094,4095,nbl
4095,4096,ssw
4096,4097,tsn
4097,4098,zul
4098,4099,tsn
4099,4100,tsn
4100,4101,sot
4101,4102,tso
4102,4103,ssw
4103,4104,xho
4104,4105,ssw
4105,4106,ssw
4106,4107,ven
4107,4108,afr
4108,4109,sot
4109,4110,afr
4110,4111,eng
4111,4112,ven
4112,4113,nso
4113,4114,ssw
4114,4115,tsn
4115,4116,sot
4116,4117,ven
4117,4118,ven
4118,4119,tso
4119,4120,ven
4120,4121,nso
4121,4122,nso
4122,4123,tso
4123,4124,tsn
4124,4125,zul
4125,4126,tsn
4126,4127,ssw
4127,4128,tsn
4128,4129,zul
4129,4130,nbl
4130,4131,zul
4131,4132,nso
4132,4133,ssw
4133,4134,zul
4134,4135,afr
4135,4136,nso
4136,4137,tsn
4137,4138,tsn
4138,4139,afr
4139,4140,ssw
4140,4141,zul
4141,4142,nbl
4142,4143,tsn
4143,4144,sot
4144,4145,afr
4145,4146,eng
4146,4147,eng
4147,4148,afr
4148,4149,nbl
4149,4150,eng
4150,4151,tso
4151,4152,nbl
4152,4153,tsn
4153,4154,afr
4154,4155,tsn
4155,4156,sot
4156,4157,xho
4157,4158,sot
4158,4159,sot
4159,4160,nbl
4160,4161,xho
4161,4162,tso
4162,4163,nso
4163,4164,afr
4164,4165,nbl
4165,4166,xho
4166,4167,nbl
4167,4168,ven
4168,4169,xho
4169,4170,zul
4170,4171,ven
4171,4172,ssw
4172,4173,eng
4173,4174,zul
4174,4175,nso
4175,4176,tso
4176,4177,tsn
4177,4178,nso
4178,4179,nbl
4179,4180,nso
4180,4181,xho
4181,4182,afr
4182,4183,eng
4183,4184,nso
4184,4185,tso
4185,4186,tso
4186,4187,zul
4187,4188,nbl
4188,4189,afr
4189,4190,ssw
4190,4191,eng
4191,4192,sot
4192,4193,afr
4193,4194,nso
4194,4195,afr
4195,4196,afr
4196,4197,xho
4197,4198,nso
4198,4199,eng
4199,4200,nbl
4200,4201,tso
4201,4202,nbl
4202,4203,xho
4203,4204,eng
4204,4205,nbl
4205,4206,xho
4206,4207,tsn
4207,4208,eng
4208,4209,nbl
4209,4210,ven
4210,4211,sot
4211,4212,nso
4212,4213,zul
4213,4214,nso
4214,4215,nso
4215,4216,nbl
4216,4217,tso
4217,4218,ven
4218,4219,nso
4219,4220,tsn
4220,4221,tso
4221,4222,eng
4222,4223,eng
4223,4224,xho
4224,4225,tso
4225,4226,nso
4226,4227,xho
4227,4228,nbl
4228,4229,sot
4229,4230,tso
4230,4231,eng
4231,4232,nso
4232,4233,zul
4233,4234,ven
4234,4235,sot
4235,4236,sot
4236,4237,nbl
4237,4238,nbl
4238,4239,zul
4239,4240,xho
4240,4241,afr
4241,4242,tsn
4242,4243,sot
4243,4244,zul
4244,4245,ven
4245,4246,tso
4246,4247,tsn
4247,4248,sot
4248,4249,tso
4249,4250,ssw
4250,4251,tsn
4251,4252,eng
4252,4253,tso
4253,4254,ven
4254,4255,ssw
4255,4256,sot
4256,4257,nbl
4257,4258,eng
4258,4259,sot
4259,4260,xho
4260,4261,ssw
4261,4262,xho
4262,4263,afr
4263,4264,nso
4264,4265,afr
4265,4266,ssw
4266,4267,nso
4267,4268,eng
4268,4269,afr
4269,4270,sot
4270,4271,ven
4271,4272,nbl
4272,4273,xho
4273,4274,nso
4274,4275,ven
4275,4276,nso
4276,4277,afr
4277,4278,zul
4278,4279,sot
4279,4280,afr
4280,4281,xho
4281,4282,zul
4282,4283,afr
4283,4284,eng
4284,4285,tsn
4285,4286,sot
4286,4287,tsn
4287,4288,sot
4288,4289,sot
4289,4290,eng
4290,4291,ssw
4291,4292,nbl
4292,4293,eng
4293,4294,eng
4294,4295,tsn
4295,4296,sot
4296,4297,nso
4297,4298,sot
4298,4299,zul
4299,4300,sot
4300,4301,tso
4301,4302,tsn
4302,4303,nso
4303,4304,ven
4304,4305,tsn
4305,4306,tsn
4306,4307,xho
4307,4308,eng
4308,4309,sot
4309,4310,tso
4310,4311,sot
4311,4312,eng
4312,4313,afr
4313,4314,tso
4314,4315,tso
4315,4316,ven
4316,4317,nbl
4317,4318,afr
4318,4319,xho
4319,4320,nso
4320,4321,tsn
4321,4322,nso
4322,4323,ssw
4323,4324,nbl
4324,4325,nso
4325,4326,afr
4326,4327,nbl
4327,4328,ven
4328,4329,eng
4329,4330,eng
4330,4331,nbl
4331,4332,ssw
4332,4333,nso
4333,4334,afr
4334,4335,sot
4335,4336,nbl
4336,4337,zul
4337,4338,tso
4338,4339,sot
4339,4340,ssw
4340,4341,nso
4341,4342,tso
4342,4343,ven
4343,4344,nso
4344,4345,ven
4345,4346,afr
4346,4347,zul
4347,4348,nso
4348,4349,sot
4349,4350,tso
4350,4351,ssw
4351,4352,eng
4352,4353,tsn
4353,4354,zul
4354,4355,nbl
4355,4356,tso
4356,4357,ssw
4357,4358,afr
4358,4359,nso
4359,4360,sot
4360,4361,eng
4361,4362,tso
4362,4363,afr
4363,4364,zul
4364,4365,zul
4365,4366,xho
4366,4367,nbl
4367,4368,eng
4368,4369,zul
4369,4370,tsn
4370,4371,tsn
4371,4372,afr
4372,4373,xho
4373,4374,tsn
4374,4375,ven
4375,4376,zul
4376,4377,sot
4377,4378,ssw
4378,4379,tso
4379,4380,nbl
4380,4381,nbl
4381,4382,ssw
4382,4383,zul
4383,4384,zul
4384,4385,tso
4385,4386,tsn
4386,4387,tso
4387,4388,tso
4388,4389,tso
4389,4390,xho
4390,4391,zul
4391,4392,sot
4392,4393,tsn
4393,4394,xho
4394,4395,ven
4395,4396,nbl
4396,4397,ven
4397,4398,ssw
4398,4399,tso
4399,4400,ssw
4400,4401,sot
4401,4402,afr
4402,4403,xho
4403,4404,nbl
4404,4405,sot
4405,4406,afr
4406,4407,xho
4407,4408,zul
4408,4409,xho
4409,4410,tso
4410,4411,tsn
4411,4412,eng
4412,4413,tsn
4413,4414,tso
4414,4415,ven
4415,4416,sot
4416,4417,nbl
4417,4418,zul
4418,4419,tso
4419,4420,zul
4420,4421,eng
4421,4422,nso
4422,4423,nbl
4423,4424,sot
4424,4425,tso
4425,4426,eng
4426,4427,tsn
4427,4428,eng
4428,4429,afr
4429,4430,tsn
4430,4431,xho
4431,4432,nbl
4432,4433,tsn
4433,4434,afr
4434,4435,sot
4435,4436,tsn
4436,4437,nbl
4437,4438,afr
4438,4439,tso
4439,4440,eng
4440,4441,nso
4441,4442,afr
4442,4443,eng
4443,4444,ssw
4444,4445,sot
4445,4446,xho
4446,4447,nso
4447,4448,ven
4448,4449,nbl
4449,4450,ssw
4450,4451,nso
4451,4452,eng
4452,4453,ssw
4453,4454,sot
4454,4455,zul
4455,4456,zul
4456,4457,ven
4457,4458,ven
4458,4459,tso
4459,4460,sot
4460,4461,tsn
4461,4462,tsn
4462,4463,xho
4463,4464,xho
4464,4465,afr
4465,4466,xho
4466,4467,tsn
4467,4468,afr
4468,4469,nso
4469,4470,ven
4470,4471,sot
4471,4472,sot
4472,4473,afr
4473,4474,ven
4474,4475,tso
4475,4476,ven
4476,4477,nso
4477,4478,zul
4478,4479,ven
4479,4480,afr
4480,4481,xho
4481,4482,ssw
4482,4483,xho
4483,4484,xho
4484,4485,nso
4485,4486,xho
4486,4487,zul
4487,4488,nbl
4488,4489,ven
4489,4490,eng
4490,4491,ssw
4491,4492,ven
4492,4493,nso
4493,4494,ssw
4494,4495,xho
4495,4496,afr
4496,4497,eng
4497,4498,tsn
4498,4499,afr
4499,4500,xho
4500,4501,sot
4501,4502,sot
4502,4503,xho
4503,4504,xho
4504,4505,tso
4505,4506,tso
4506,4507,eng
4507,4508,zul
4508,4509,xho
4509,4510,nbl
4510,4511,tsn
4511,4512,eng
4512,4513,ssw
4513,4514,zul
4514,4515,afr
4515,4516,eng
4516,4517,tsn
4517,4518,afr
4518,4519,nso
4519,4520,nbl
4520,4521,nso
4521,4522,zul
4522,4523,xho
4523,4524,afr
4524,4525,eng
4525,4526,tso
4526,4527,tso
4527,4528,zul
4528,4529,tsn
4529,4530,eng
4530,4531,ssw
4531,4532,tsn
4532,4533,afr
4533,4534,afr
4534,4535,tsn
4535,4536,afr
4536,4537,nso
4537,4538,tsn
4538,4539,ven
4539,4540,ssw
4540,4541,xho
4541,4542,ven
4542,4543,afr
4543,4544,sot
4544,4545,nso
4545,4546,xho
4546,4547,afr
4547,4548,nbl
4548,4549,ven
4549,4550,ssw
4550,4551,sot
4551,4552,tso
4552,4553,afr
4553,4554,ssw
4554,4555,xho
4555,4556,xho
4556,4557,afr
4557,4558,eng
4558,4559,ven
4559,4560,afr
4560,4561,tso
4561,4562,zul
4562,4563,afr
4563,4564,tso
4564,4565,eng
4565,4566,ssw
4566,4567,afr
4567,4568,sot
4568,4569,nso
4569,4570,tso
4570,4571,sot
4571,4572,ssw
4572,4573,tso
4573,4574,ven
4574,4575,tsn
4575,4576,nbl
4576,4577,ven
4577,4578,ven
4578,4579,ssw
4579,4580,eng
4580,4581,tso
4581,4582,zul
4582,4583,ven
4583,4584,eng
4584,4585,afr
4585,4586,sot
4586,4587,nbl
4587,4588,tso
4588,4589,ssw
4589,4590,afr
4590,4591,ssw
4591,4592,zul
4592,4593,nso
4593,4594,eng
4594,4595,afr
4595,4596,ssw
4596,4597,nso
4597,4598,afr
4598,4599,sot
4599,4600,ssw
4600,4601,sot
4601,4602,eng
4602,4603,nso
4603,4604,afr
4604,4605,zul
4605,4606,nso
4606,4607,sot
4607,4608,tso
4608,4609,tso
4609,4610,tso
4610,4611,xho
4611,4612,tso
4612,4613,tsn
4613,4614,nbl
4614,4615,zul
4615,4616,tso
4616,4617,nbl
4617,4618,nbl
4618,4619,nso
4619,4620,ssw
4620,4621,nso
4621,4622,eng
4622,4623,tso
4623,4624,afr
4624,4625,afr
4625,4626,nbl
4626,4627,zul
4627,4628,ven
4628,4629,tsn
4629,4630,ven
4630,4631,ssw
4631,4632,tso
4632,4633,ssw
4633,4634,nso
4634,4635,zul
4635,4636,tso
4636,4637,zul
4637,4638,ven
4638,4639,ssw
4639,4640,tso
4640,4641,afr
4641,4642,tsn
4642,4643,nbl
4643,4644,ssw
4644,4645,tso
4645,4646,xho
4646,4647,nso
4647,4648,sot
4648,4649,nbl
4649,4650,zul
4650,4651,eng
4651,4652,eng
4652,4653,tsn
4653,4654,eng
4654,4655,nso
4655,4656,afr
4656,4657,ven
4657,4658,nso
4658,4659,zul
4659,4660,sot
4660,4661,nso
4661,4662,sot
4662,4663,eng
4663,4664,nbl
4664,4665,ven
4665,4666,afr
4666,4667,sot
4667,4668,afr
4668,4669,zul
4669,4670,nso
4670,4671,ven
4671,4672,sot
4672,4673,sot
4673,4674,ssw
4674,4675,nso
4675,4676,ven
4676,4677,ven
4677,4678,nbl
4678,4679,nbl
4679,4680,afr
4680,4681,eng
4681,4682,eng
4682,4683,xho
4683,4684,sot
4684,4685,xho
4685,4686,nbl
4686,4687,sot
4687,4688,ven
4688,4689,nso
4689,4690,ven
4690,4691,nso
4691,4692,zul
4692,4693,zul
4693,4694,eng
4694,4695,nbl
4695,4696,ven
4696,4697,ssw
4697,4698,ssw
4698,4699,tsn
4699,4700,sot
4700,4701,zul
4701,4702,xho
4702,4703,zul
4703,4704,ssw
4704,4705,ven
4705,4706,eng
4706,4707,nso
4707,4708,tso
4708,4709,zul
4709,4710,nso
4710,4711,zul
4711,4712,nso
4712,4713,xho
4713,4714,afr
4714,4715,nso
4715,4716,sot
4716,4717,ssw
4717,4718,ven
4718,4719,nso
4719,4720,eng
4720,4721,tsn
4721,4722,ssw
4722,4723,nso
4723,4724,xho
4724,4725,nbl
4725,4726,nbl
4726,4727,tso
4727,4728,afr
4728,4729,xho
4729,4730,afr
4730,4731,ssw
4731,4732,nso
4732,4733,xho
4733,4734,eng
4734,4735,ssw
4735,4736,nbl
4736,4737,ven
4737,4738,sot
4738,4739,tso
4739,4740,sot
4740,4741,zul
4741,4742,ven
4742,4743,ssw
4743,4744,nbl
4744,4745,zul
4745,4746,sot
4746,4747,zul
4747,4748,nso
4748,4749,tsn
4749,4750,afr
4750,4751,ssw
4751,4752,nbl
4752,4753,afr
4753,4754,sot
4754,4755,ssw
4755,4756,nbl
4756,4757,tso
4757,4758,ven
4758,4759,eng
4759,4760,sot
4760,4761,nso
4761,4762,xho
4762,4763,ssw
4763,4764,tso
4764,4765,nbl
4765,4766,zul
4766,4767,nbl
4767,4768,tsn
4768,4769,nso
4769,4770,sot
4770,4771,tsn
4771,4772,eng
4772,4773,tsn
4773,4774,ven
4774,4775,sot
4775,4776,eng
4776,4777,zul
4777,4778,zul
4778,4779,ssw
4779,4780,sot
4780,4781,zul
4781,4782,sot
4782,4783,nso
4783,4784,ssw
4784,4785,nso
4785,4786,eng
4786,4787,nbl
4787,4788,afr
4788,4789,zul
4789,4790,ven
4790,4791,nso
4791,4792,xho
4792,4793,sot
4793,4794,zul
4794,4795,sot
4795,4796,xho
4796,4797,nso
4797,4798,xho
4798,4799,eng
4799,4800,afr
4800,4801,sot
4801,4802,sot
4802,4803,ven
4803,4804,zul
4804,4805,ssw
4805,4806,sot
4806,4807,sot
4807,4808,sot
4808,4809,nso
4809,4810,tso
4810,4811,sot
4811,4812,ssw
4812,4813,nso
4813,4814,eng
4814,4815,ven
4815,4816,nso
4816,4817,tsn
4817,4818,ssw
4818,4819,sot
4819,4820,zul
4820,4821,nbl
4821,4822,ven
4822,4823,ven
4823,4824,tso
4824,4825,tsn
4825,4826,tsn
4826,4827,afr
4827,4828,eng
4828,4829,ssw
4829,4830,zul
4830,4831,tsn
4831,4832,nso
4832,4833,afr
4833,4834,ssw
4834,4835,ven
4835,4836,xho
4836,4837,sot
4837,4838,xho
4838,4839,xho
4839,4840,ven
4840,4841,zul
4841,4842,xho
4842,4843,ssw
4843,4844,ssw
4844,4845,sot
4845,4846,sot
4846,4847,nbl
4847,4848,ven
4848,4849,ven
4849,4850,afr
4850,4851,zul
4851,4852,nbl
4852,4853,afr
4853,4854,ssw
4854,4855,xho
4855,4856,xho
4856,4857,tso
4857,4858,tsn
4858,4859,afr
4859,4860,tsn
4860,4861,afr
4861,4862,eng
4862,4863,afr
4863,4864,tso
4864,4865,nso
4865,4866,tsn
4866,4867,xho
4867,4868,zul
4868,4869,zul
4869,4870,nbl
4870,4871,ssw
4871,4872,sot
4872,4873,sot
4873,4874,afr
4874,4875,ven
4875,4876,ssw
4876,4877,eng
4877,4878,xho
4878,4879,sot
4879,4880,eng
4880,4881,afr
4881,4882,ven
4882,4883,nso
4883,4884,xho
4884,4885,eng
4885,4886,ssw
4886,4887,tsn
4887,4888,eng
4888,4889,sot
4889,4890,nso
4890,4891,ven
4891,4892,afr
4892,4893,eng
4893,4894,zul
4894,4895,tsn
4895,4896,ven
4896,4897,afr
4897,4898,xho
4898,4899,tsn
4899,4900,sot
4900,4901,nso
4901,4902,eng
4902,4903,tsn
4903,4904,ssw
4904,4905,sot
4905,4906,ssw
4906,4907,ssw
4907,4908,zul
4908,4909,nbl
4909,4910,xho
4910,4911,ven
4911,4912,sot
4912,4913,ven
4913,4914,tsn
4914,4915,tsn
4915,4916,afr
4916,4917,tsn
4917,4918,nso
4918,4919,ven
4919,4920,tsn
4920,4921,ssw
4921,4922,sot
4922,4923,sot
4923,4924,tsn
4924,4925,nbl
4925,4926,nso
4926,4927,tso
4927,4928,ssw
4928,4929,afr
4929,4930,xho
4930,4931,nso
4931,4932,sot
4932,4933,xho
4933,4934,ven
4934,4935,afr
4935,4936,eng
4936,4937,tsn
4937,4938,tsn
4938,4939,nbl
4939,4940,xho
4940,4941,ven
4941,4942,eng
4942,4943,zul
4943,4944,nso
4944,4945,tso
4945,4946,tso
4946,4947,nbl
4947,4948,tso
4948,4949,ven
4949,4950,tsn
4950,4951,afr
4951,4952,eng
4952,4953,xho
4953,4954,xho
4954,4955,ven
4955,4956,afr
4956,4957,nso
4957,4958,ssw
4958,4959,ssw
4959,4960,sot
4960,4961,afr
4961,4962,ssw
4962,4963,zul
4963,4964,eng
4964,4965,zul
4965,4966,zul
4966,4967,tso
4967,4968,ssw
4968,4969,xho
4969,4970,tso
4970,4971,nso
4971,4972,ssw
4972,4973,nbl
4973,4974,afr
4974,4975,eng
4975,4976,tso
4976,4977,zul
4977,4978,tso
4978,4979,sot
4979,4980,afr
4980,4981,zul
4981,4982,nbl
4982,4983,xho
4983,4984,tso
4984,4985,tsn
4985,4986,eng
4986,4987,ven
4987,4988,ven
4988,4989,ssw
4989,4990,tsn
4990,4991,ssw
4991,4992,nbl
4992,4993,xho
4993,4994,sot
4994,4995,ssw
4995,4996,nso
4996,4997,ssw
4997,4998,tsn
4998,4999,zul
4999,5000,zul
5000,5001,eng
5001,5002,nbl
5002,5003,eng
5003,5004,ven
5004,5005,xho
5005,5006,tsn
5006,5007,nso
5007,5008,ven
5008,5009,nso
5009,5010,ssw
5010,5011,afr
5011,5012,nbl
5012,5013,xho
5013,5014,eng
5014,5015,nbl
5015,5016,nso
5016,5017,eng
5017,5018,tsn
5018,5019,nbl
5019,5020,nso
5020,5021,ven
5021,5022,tso
5022,5023,nbl
5023,5024,nbl
5024,5025,xho
5025,5026,tso
5026,5027,xho
5027,5028,zul
5028,5029,xho
5029,5030,ssw
5030,5031,nso
5031,5032,ssw
5032,5033,sot
5033,5034,nso
5034,5035,zul
5035,5036,zul
5036,5037,nso
5037,5038,eng
5038,5039,afr
5039,5040,zul
5040,5041,ssw
5041,5042,ssw
5042,5043,zul
5043,5044,ven
5044,5045,sot
5045,5046,eng
5046,5047,nso
5047,5048,ssw
5048,5049,tso
5049,5050,ven
5050,5051,nso
5051,5052,tso
5052,5053,sot
5053,5054,nbl
5054,5055,zul
5055,5056,ssw
5056,5057,xho
5057,5058,tsn
5058,5059,tso
5059,5060,ssw
5060,5061,nbl
5061,5062,ven
5062,5063,xho
5063,5064,zul
5064,5065,sot
5065,5066,nso
5066,5067,afr
5067,5068,zul
5068,5069,nso
5069,5070,ven
5070,5071,tsn
5071,5072,afr
5072,5073,nbl
5073,5074,sot
5074,5075,nbl
5075,5076,ven
5076,5077,tsn
5077,5078,eng
5078,5079,eng
5079,5080,afr
5080,5081,sot
5081,5082,sot
5082,5083,tso
5083,5084,nso
5084,5085,ven
5085,5086,sot
5086,5087,ven
5087,5088,eng
5088,5089,ssw
5089,5090,ssw
5090,5091,tsn
5091,5092,tso
5092,5093,zul
5093,5094,sot
5094,5095,ven
5095,5096,nso
5096,5097,afr
5097,5098,eng
5098,5099,eng
5099,5100,ven
5100,5101,eng
5101,5102,sot
5102,5103,tso
5103,5104,tso
5104,5105,afr
5105,5106,eng
5106,5107,nso
5107,5108,nso
5108,5109,ven
5109,5110,ssw
5110,5111,nso
5111,5112,eng
5112,5113,nso
5113,5114,nso
5114,5115,eng
5115,5116,sot
5116,5117,tso
5117,5118,xho
5118,5119,afr
5119,5120,tsn
5120,5121,ven
5121,5122,nbl
5122,5123,zul
5123,5124,zul
5124,5125,nbl
5125,5126,nbl
5126,5127,tsn
5127,5128,eng
5128,5129,zul
5129,5130,ven
5130,5131,sot
5131,5132,nso
5132,5133,nso
5133,5134,zul
5134,5135,xho
5135,5136,xho
5136,5137,xho
5137,5138,tsn
5138,5139,xho
5139,5140,sot
5140,5141,sot
5141,5142,nbl
5142,5143,nbl
5143,5144,tso
5144,5145,zul
5145,5146,ven
5146,5147,tso
5147,5148,nso
5148,5149,afr
5149,5150,tsn
5150,5151,eng
5151,5152,tso
5152,5153,tsn
5153,5154,xho
5154,5155,tso
5155,5156,xho
5156,5157,ven
5157,5158,zul
5158,5159,tso
5159,5160,xho
5160,5161,nso
5161,5162,ssw
5162,5163,ven
5163,5164,afr
5164,5165,tsn
5165,5166,nso
5166,5167,ssw
5167,5168,xho
5168,5169,ssw
5169,5170,sot
5170,5171,tsn
5171,5172,xho
5172,5173,tsn
5173,5174,ssw
5174,5175,eng
5175,5176,tso
5176,5177,sot
5177,5178,ven
5178,5179,tso
5179,5180,tsn
5180,5181,xho
5181,5182,zul
5182,5183,tso
5183,5184,eng
5184,5185,xho
5185,5186,eng
5186,5187,ven
5187,5188,tso
5188,5189,nso
5189,5190,xho
5190,5191,ssw
5191,5192,eng
5192,5193,xho
5193,5194,nbl
5194,5195,tso
5195,5196,tso
5196,5197,sot
5197,5198,afr
5198,5199,nso
5199,5200,afr
5200,5201,eng
5201,5202,nso
5202,5203,nbl
5203,5204,ven
5204,5205,ssw
5205,5206,sot
5206,5207,sot
5207,5208,eng
5208,5209,sot
5209,5210,ssw
5210,5211,tsn
5211,5212,zul
5212,5213,xho
5213,5214,xho
5214,5215,zul
5215,5216,ven
5216,5217,tsn
5217,5218,nbl
5218,5219,afr
5219,5220,xho
5220,5221,nbl
5221,5222,nso
5222,5223,ven
5223,5224,sot
5224,5225,nso
5225,5226,ssw
5226,5227,tso
5227,5228,sot
5228,5229,sot
5229,5230,xho
5230,5231,ven
5231,5232,eng
5232,5233,nbl
5233,5234,ssw
5234,5235,ssw
5235,5236,nbl
5236,5237,afr
5237,5238,tsn
5238,5239,eng
5239,5240,nbl
5240,5241,zul
5241,5242,afr
5242,5243,zul
5243,5244,zul
5244,5245,eng
5245,5246,ven
5246,5247,zul
5247,5248,xho
5248,5249,xho
5249,5250,xho
5250,5251,afr
5251,5252,afr
5252,5253,eng
5253,5254,nbl
5254,5255,ssw
5255,5256,nbl
5256,5257,tsn
5257,5258,zul
5258,5259,tsn
5259,5260,sot
5260,5261,tsn
5261,5262,afr
5262,5263,xho
5263,5264,zul
5264,5265,nbl
5265,5266,ven
5266,5267,eng
5267,5268,sot
5268,5269,xho
5269,5270,tsn
5270,5271,afr
5271,5272,zul
5272,5273,sot
5273,5274,tsn
5274,5275,nso
5275,5276,ssw
5276,5277,zul
5277,5278,nbl
5278,5279,afr
5279,5280,nso
5280,5281,zul
5281,5282,zul
5282,5283,afr
5283,5284,nbl
5284,5285,tso
5285,5286,tsn
5286,5287,ssw
5287,5288,zul
5288,5289,tsn
5289,5290,sot
5290,5291,ven
5291,5292,tso
5292,5293,tso
5293,5294,eng
5294,5295,zul
5295,5296,sot
5296,5297,ven
5297,5298,ven
5298,5299,xho
5299,5300,nso
5300,5301,eng
5301,5302,nso
5302,5303,ven
5303,5304,tsn
5304,5305,nbl
5305,5306,tsn
5306,5307,tsn
5307,5308,nbl
5308,5309,tso
5309,5310,afr
5310,5311,sot
5311,5312,tsn
5312,5313,tsn
5313,5314,nbl
5314,5315,nbl
5315,5316,zul
5316,5317,afr
5317,5318,ssw
5318,5319,zul
5319,5320,afr
5320,5321,tsn
5321,5322,xho
5322,5323,tso
5323,5324,ven
5324,5325,ssw
5325,5326,tsn
5326,5327,tso
5327,5328,afr
5328,5329,ssw
5329,5330,tso
5330,5331,tso
5331,5332,xho
5332,5333,xho
5333,5334,tso
5334,5335,tsn
5335,5336,eng
5336,5337,tso
5337,5338,sot
5338,5339,ssw
5339,5340,nbl
5340,5341,tsn
5341,5342,afr
5342,5343,zul
5343,5344,nbl
5344,5345,afr
5345,5346,eng
5346,5347,eng
5347,5348,nbl
5348,5349,sot
5349,5350,nso
5350,5351,ven
5351,5352,sot
5352,5353,afr
5353,5354,xho
5354,5355,ssw
5355,5356,sot
5356,5357,eng
5357,5358,tsn
5358,5359,sot
5359,5360,zul
5360,5361,nbl
5361,5362,tsn
5362,5363,ssw
5363,5364,ssw
5364,5365,sot
5365,5366,tso
5366,5367,nbl
5367,5368,tso
5368,5369,ssw
5369,5370,tsn
5370,5371,xho
5371,5372,tso
5372,5373,xho
5373,5374,ven
5374,5375,tso
5375,5376,tsn
5376,5377,tso
5377,5378,eng
5378,5379,zul
5379,5380,zul
5380,5381,zul
5381,5382,sot
5382,5383,nbl
5383,5384,ven
5384,5385,ven
5385,5386,xho
5386,5387,ssw
5387,5388,tso
5388,5389,afr
5389,5390,xho
5390,5391,nso
5391,5392,nbl
5392,5393,ven
5393,5394,nso
5394,5395,tsn
5395,5396,tsn
5396,5397,xho
5397,5398,eng
5398,5399,tso
5399,5400,eng
5400,5401,tso
5401,5402,tso
5402,5403,sot
5403,5404,zul
5404,5405,xho
5405,5406,tsn
5406,5407,ssw
5407,5408,sot
5408,5409,tsn
5409,5410,tso
5410,5411,eng
5411,5412,tsn
5412,5413,sot
5413,5414,tso
5414,5415,tsn
5415,5416,nbl
5416,5417,xho
5417,5418,ven
5418,5419,tso
5419,5420,afr
5420,5421,nbl
5421,5422,ssw
5422,5423,sot
5423,5424,eng
5424,5425,tsn
5425,5426,afr
5426,5427,ven
5427,5428,xho
5428,5429,zul
5429,5430,nbl
5430,5431,afr
5431,5432,ven
5432,5433,ven
5433,5434,nso
5434,5435,sot
5435,5436,zul
5436,5437,ssw
5437,5438,ssw
5438,5439,afr
5439,5440,tso
5440,5441,afr
5441,5442,tsn
5442,5443,afr
5443,5444,nbl
5444,5445,nbl
5445,5446,zul
5446,5447,ssw
5447,5448,nso
5448,5449,tso
5449,5450,ssw
5450,5451,nbl
5451,5452,zul
5452,5453,ssw
5453,5454,tsn
5454,5455,zul
5455,5456,eng
5456,5457,tsn
5457,5458,zul
5458,5459,nbl
5459,5460,eng
5460,5461,xho
5461,5462,ven
5462,5463,ssw
5463,5464,zul
5464,5465,ven
5465,5466,ssw
5466,5467,ssw
5467,5468,nbl
5468,5469,sot
5469,5470,tso
5470,5471,xho
5471,5472,afr
5472,5473,ven
5473,5474,zul
5474,5475,xho
5475,5476,tsn
5476,5477,tsn
5477,5478,nso
5478,5479,xho
5479,5480,afr
5480,5481,nbl
5481,5482,xho
5482,5483,eng
5483,5484,nso
5484,5485,tso
5485,5486,ven
5486,5487,ven
5487,5488,ven
5488,5489,nbl
5489,5490,nbl
5490,5491,tsn
5491,5492,nbl
5492,5493,nbl
5493,5494,eng
5494,5495,nbl
5495,5496,sot
5496,5497,afr
5497,5498,zul
5498,5499,tso
5499,5500,nbl
5500,5501,ven
5501,5502,tso
5502,5503,ven
5503,5504,eng
5504,5505,xho
5505,5506,nbl
5506,5507,ven
5507,5508,nbl
5508,5509,eng
5509,5510,nbl
5510,5511,nso
5511,5512,sot
5512,5513,sot
5513,5514,nbl
5514,5515,nbl
5515,5516,sot
5516,5517,ven
5517,5518,nbl
5518,5519,ssw
5519,5520,nso
5520,5521,tsn
5521,5522,zul
5522,5523,afr
5523,5524,zul
5524,5525,nso
5525,5526,xho
5526,5527,ven
5527,5528,nso
5528,5529,sot
5529,5530,xho
5530,5531,eng
5531,5532,zul
5532,5533,tso
5533,5534,sot
5534,5535,ssw
5535,5536,zul
5536,5537,xho
5537,5538,ssw
5538,5539,afr
5539,5540,sot
5540,5541,zul
5541,5542,ven
5542,5543,tsn
5543,5544,nbl
5544,5545,eng
5545,5546,afr
5546,5547,sot
5547,5548,ven
5548,5549,afr
5549,5550,nbl
5550,5551,sot
5551,5552,tso
5552,5553,sot
5553,5554,xho
5554,5555,ven
5555,5556,ssw
5556,5557,tso
5557,5558,ssw
5558,5559,xho
5559,5560,eng
5560,5561,tso
5561,5562,tsn
5562,5563,tso
5563,5564,ssw
5564,5565,sot
5565,5566,zul
5566,5567,nso
5567,5568,ssw
5568,5569,ven
5569,5570,nso
5570,5571,nbl
5571,5572,xho
5572,5573,eng
5573,5574,eng
5574,5575,xho
5575,5576,ven
5576,5577,zul
5577,5578,sot
5578,5579,tsn
5579,5580,zul
5580,5581,tso
5581,5582,tsn
5582,5583,afr
5583,5584,ven
5584,5585,tso
5585,5586,tso
5586,5587,xho
5587,5588,afr
5588,5589,sot
5589,5590,tso
5590,5591,ssw
5591,5592,ssw
5592,5593,ssw
5593,5594,nbl
5594,5595,ssw
5595,5596,nso
5596,5597,nbl
5597,5598,sot
5598,5599,nso
5599,5600,afr
5600,5601,zul
5601,5602,ssw
5602,5603,nbl
5603,5604,tsn
5604,5605,afr
5605,5606,nso
5606,5607,nso
5607,5608,ssw
5608,5609,ven
5609,5610,tso
5610,5611,eng
5611,5612,sot
5612,5613,zul
5613,5614,nbl
5614,5615,zul
5615,5616,ssw
5616,5617,sot
5617,5618,tsn
5618,5619,afr
5619,5620,tso
5620,5621,tsn
5621,5622,nso
5622,5623,tsn
5623,5624,ven
5624,5625,eng
5625,5626,ven
5626,5627,eng
5627,5628,zul
5628,5629,ven
5629,5630,zul
5630,5631,nbl
5631,5632,sot
5632,5633,afr
5633,5634,tsn
5634,5635,nso
5635,5636,tsn
5636,5637,zul
5637,5638,ssw
5638,5639,xho
5639,5640,tso
5640,5641,eng
5641,5642,afr
5642,5643,tsn
5643,5644,tso
5644,5645,sot
5645,5646,xho
5646,5647,tso
5647,5648,tso
5648,5649,tso
5649,5650,ven
5650,5651,tsn
5651,5652,sot
5652,5653,tso
5653,5654,eng
5654,5655,nbl
5655,5656,zul
5656,5657,tso
5657,5658,tsn
5658,5659,sot
5659,5660,afr
5660,5661,xho
5661,5662,xho
5662,5663,sot
5663,5664,nbl
5664,5665,nbl
5665,5666,nbl
5666,5667,tso
5667,5668,ven
5668,5669,zul
5669,5670,xho
5670,5671,sot
5671,5672,ven
5672,5673,sot
5673,5674,nbl
5674,5675,nbl
5675,5676,tso
5676,5677,eng
5677,5678,nbl
5678,5679,sot
5679,5680,sot
5680,5681,nso
5681,5682,nso
5682,5683,tso
5683,5684,sot
5684,5685,tsn
5685,5686,tsn
5686,5687,xho
5687,5688,ven
5688,5689,xho
5689,5690,tsn
5690,5691,eng
5691,5692,sot
5692,5693,sot
5693,5694,ssw
5694,5695,xho
5695,5696,afr
5696,5697,afr
5697,5698,ssw
5698,5699,zul
5699,5700,ssw
5700,5701,tsn
5701,5702,sot
5702,5703,xho
5703,5704,zul
5704,5705,afr
5705,5706,xho
5706,5707,sot
5707,5708,nso
5708,5709,sot
5709,5710,zul
5710,5711,ssw
5711,5712,ven
5712,5713,nbl
5713,5714,sot
5714,5715,ven
5715,5716,nbl
5716,5717,sot
5717,5718,tso
5718,5719,ven
5719,5720,afr
5720,5721,tso
5721,5722,tso
5722,5723,ven
5723,5724,ssw
5724,5725,nbl
5725,5726,nso
5726,5727,nbl
5727,5728,nbl
5728,5729,afr
5729,5730,xho
5730,5731,nbl
5731,5732,afr
5732,5733,zul
5733,5734,ssw
5734,5735,tsn
5735,5736,nso
5736,5737,eng
5737,5738,zul
5738,5739,zul
5739,5740,xho
5740,5741,afr
5741,5742,nbl
5742,5743,tsn
5743,5744,tsn
5744,5745,eng
5745,5746,eng
5746,5747,eng
5747,5748,tsn
5748,5749,afr
5749,5750,nso
5750,5751,xho
5751,5752,ven
5752,5753,sot
5753,5754,zul
5754,5755,tsn
5755,5756,nso
5756,5757,xho
5757,5758,eng
5758,5759,eng
5759,5760,sot
5760,5761,afr
5761,5762,eng
5762,5763,tso
5763,5764,tsn
5764,5765,xho
5765,5766,nbl
5766,5767,nso
5767,5768,nso
5768,5769,zul
5769,5770,xho
5770,5771,xho
5771,5772,zul
5772,5773,xho
5773,5774,eng
5774,5775,xho
5775,5776,afr
5776,5777,ven
5777,5778,ssw
5778,5779,tsn
5779,5780,nso
5780,5781,xho
5781,5782,nso
5782,5783,tso
5783,5784,xho
5784,5785,xho
5785,5786,ven
5786,5787,eng
5787,5788,afr
5788,5789,zul
5789,5790,ssw
5790,5791,eng
5791,5792,eng
5792,5793,eng
5793,5794,ssw
5794,5795,xho
5795,5796,nbl
5796,5797,afr
5797,5798,nbl
5798,5799,xho
5799,5800,zul
5800,5801,sot
5801,5802,xho
5802,5803,zul
5803,5804,ssw
5804,5805,tsn
5805,5806,ven
5806,5807,nso
5807,5808,nso
5808,5809,nso
5809,5810,sot
5810,5811,tsn
5811,5812,afr
5812,5813,zul
5813,5814,tso
5814,5815,eng
5815,5816,nso
5816,5817,tsn
5817,5818,tsn
5818,5819,xho
5819,5820,xho
5820,5821,tsn
5821,5822,ven
5822,5823,ssw
5823,5824,eng
5824,5825,zul
5825,5826,nso
5826,5827,eng
5827,5828,afr
5828,5829,eng
5829,5830,tsn
5830,5831,nbl
5831,5832,tsn
5832,5833,ven
5833,5834,tso
5834,5835,ven
5835,5836,ven
5836,5837,tsn
5837,5838,zul
5838,5839,sot
5839,5840,sot
5840,5841,nso
5841,5842,zul
5842,5843,nbl
5843,5844,nbl
5844,5845,xho
5845,5846,sot
5846,5847,nso
5847,5848,zul
5848,5849,nso
5849,5850,afr
5850,5851,nso
5851,5852,ven
5852,5853,nso
5853,5854,xho
5854,5855,nbl
5855,5856,xho
5856,5857,eng
5857,5858,nbl
5858,5859,ssw
5859,5860,afr
5860,5861,eng
5861,5862,sot
5862,5863,afr
5863,5864,ven
5864,5865,sot
5865,5866,xho
5866,5867,afr
5867,5868,nbl
5868,5869,tso
5869,5870,eng
5870,5871,zul
5871,5872,zul
5872,5873,tso
5873,5874,sot
5874,5875,nso
5875,5876,xho
5876,5877,sot
5877,5878,tsn
5878,5879,tsn
5879,5880,tso
5880,5881,tso
5881,5882,nbl
5882,5883,ssw
5883,5884,afr
5884,5885,zul
5885,5886,eng
5886,5887,afr
5887,5888,afr
5888,5889,xho
5889,5890,ven
5890,5891,nso
5891,5892,nbl
5892,5893,tso
5893,5894,tso
5894,5895,ven
5895,5896,eng
5896,5897,ssw
5897,5898,afr
5898,5899,tsn
5899,5900,zul
5900,5901,tsn
5901,5902,tsn
5902,5903,eng
5903,5904,xho
5904,5905,zul
5905,5906,sot
5906,5907,tso
5907,5908,tsn
5908,5909,sot
5909,5910,zul
5910,5911,ssw
5911,5912,eng
5912,5913,nso
5913,5914,nbl
5914,5915,sot
5915,5916,eng
5916,5917,xho
5917,5918,afr
5918,5919,tsn
5919,5920,nso
5920,5921,sot
5921,5922,tsn
5922,5923,xho
5923,5924,afr
5924,5925,tso
5925,5926,afr
5926,5927,zul
5927,5928,xho
5928,5929,tsn
5929,5930,nbl
5930,5931,zul
5931,5932,xho
5932,5933,tso
5933,5934,tso
5934,5935,sot
5935,5936,tso
5936,5937,xho
5937,5938,tsn
5938,5939,ven
5939,5940,tso
5940,5941,nso
5941,5942,nso
5942,5943,xho
5943,5944,ven
5944,5945,xho
5945,5946,eng
5946,5947,tsn
5947,5948,tso
5948,5949,sot
5949,5950,nso
5950,5951,eng
5951,5952,zul
5952,5953,xho
5953,5954,zul
5954,5955,ssw
5955,5956,afr
5956,5957,nbl
5957,5958,nbl
5958,5959,ssw
5959,5960,eng
5960,5961,xho
5961,5962,eng
5962,5963,tsn
5963,5964,ven
5964,5965,afr
5965,5966,eng
5966,5967,eng
5967,5968,xho
5968,5969,tsn
5969,5970,nbl
5970,5971,eng
5971,5972,tsn
5972,5973,sot
5973,5974,eng
5974,5975,nso
5975,5976,zul
5976,5977,eng
5977,5978,nso
5978,5979,nbl
5979,5980,ven
5980,5981,tsn
5981,5982,eng
5982,5983,tso
5983,5984,tso
5984,5985,sot
5985,5986,nbl
5986,5987,tsn
5987,5988,nbl
5988,5989,sot
5989,5990,ssw
5990,5991,sot
5991,5992,afr
5992,5993,sot
5993,5994,xho
5994,5995,xho
5995,5996,afr
5996,5997,zul
5997,5998,ssw
5998,5999,sot
5999,6000,eng
6000,6001,eng
6001,6002,xho
6002,6003,tsn
6003,6004,tsn
6004,6005,nso
6005,6006,tso
6006,6007,eng
6007,6008,ssw
6008,6009,nbl
6009,6010,afr
6010,6011,afr
6011,6012,tsn
6012,6013,tsn
6013,6014,xho
6014,6015,xho
6015,6016,tso
6016,6017,sot
6017,6018,zul
6018,6019,zul
6019,6020,xho
6020,6021,nbl
6021,6022,nso
6022,6023,sot
6023,6024,eng
6024,6025,zul
6025,6026,sot
6026,6027,afr
6027,6028,ssw
6028,6029,nbl
6029,6030,ven
6030,6031,ssw
6031,6032,eng
6032,6033,tso
6033,6034,afr
6034,6035,tsn
6035,6036,ven
6036,6037,nso
6037,6038,nbl
6038,6039,tso
6039,6040,tsn
6040,6041,nbl
6041,6042,tso
6042,6043,tso
6043,6044,xho
6044,6045,zul
6045,6046,tsn
6046,6047,nso
6047,6048,xho
6048,6049,tsn
6049,6050,tsn
6050,6051,nso
6051,6052,ven
6052,6053,tsn
6053,6054,sot
6054,6055,nbl
6055,6056,zul
6056,6057,nbl
6057,6058,eng
6058,6059,nbl
6059,6060,afr
6060,6061,sot
6061,6062,eng
6062,6063,nbl
6063,6064,ssw
6064,6065,sot
6065,6066,xho
6066,6067,afr
6067,6068,eng
6068,6069,nbl
6069,6070,eng
6070,6071,eng
6071,6072,afr
6072,6073,xho
6073,6074,tsn
6074,6075,nso
6075,6076,ven
6076,6077,afr
6077,6078,ssw
6078,6079,eng
6079,6080,nbl
6080,6081,tsn
6081,6082,xho
6082,6083,ven
6083,6084,zul
6084,6085,nso
6085,6086,nbl
6086,6087,ssw
6087,6088,eng
6088,6089,zul
6089,6090,ven
6090,6091,eng
6091,6092,afr
6092,6093,nbl
6093,6094,nbl
6094,6095,ven
6095,6096,nbl
6096,6097,afr
6097,6098,ven
6098,6099,eng
6099,6100,xho
6100,6101,tsn
6101,6102,sot
6102,6103,ssw
6103,6104,nbl
6104,6105,xho
6105,6106,nbl
6106,6107,zul
6107,6108,nso
6108,6109,nbl
6109,6110,nso
6110,6111,sot
6111,6112,xho
6112,6113,sot
6113,6114,xho
6114,6115,eng
6115,6116,sot
6116,6117,zul
6117,6118,ssw
6118,6119,xho
6119,6120,eng
6120,6121,eng
6121,6122,eng
6122,6123,ssw
6123,6124,nso
6124,6125,afr
6125,6126,zul
6126,6127,ven
6127,6128,ssw
6128,6129,nbl
6129,6130,zul
6130,6131,zul
6131,6132,ven
6132,6133,tso
6133,6134,nbl
6134,6135,nbl
6135,6136,xho
6136,6137,tsn
6137,6138,nbl
6138,6139,zul
6139,6140,eng
6140,6141,sot
6141,6142,zul
6142,6143,nbl
6143,6144,zul
6144,6145,xho
6145,6146,zul
6146,6147,nso
6147,6148,eng
6148,6149,ssw
6149,6150,tsn
6150,6151,ven
6151,6152,afr
6152,6153,xho
6153,6154,zul
6154,6155,eng
6155,6156,nbl
6156,6157,afr
6157,6158,ven
6158,6159,zul
6159,6160,afr
6160,6161,nso
6161,6162,nbl
6162,6163,eng
6163,6164,zul
6164,6165,nbl
6165,6166,xho
6166,6167,zul
6167,6168,nbl
6168,6169,tso
6169,6170,ven
6170,6171,ven
6171,6172,zul
6172,6173,zul
6173,6174,tsn
6174,6175,ssw
6175,6176,tso
6176,6177,zul
6177,6178,sot
6178,6179,sot
6179,6180,eng
6180,6181,nbl
6181,6182,ven
6182,6183,zul
6183,6184,nso
6184,6185,tso
6185,6186,zul
6186,6187,tsn
6187,6188,nso
6188,6189,eng
6189,6190,sot
6190,6191,eng
6191,6192,tso
6192,6193,afr
6193,6194,ven
6194,6195,nbl
6195,6196,sot
6196,6197,ssw
6197,6198,afr
6198,6199,tsn
6199,6200,eng
6200,6201,sot
6201,6202,ven
6202,6203,sot
6203,6204,afr
6204,6205,ssw
6205,6206,tsn
6206,6207,ssw
6207,6208,afr
6208,6209,ven
6209,6210,ven
6210,6211,afr
6211,6212,zul
6212,6213,zul
6213,6214,tso
6214,6215,eng
6215,6216,nbl
6216,6217,ven
6217,6218,tsn
6218,6219,nbl
6219,6220,nbl
6220,6221,ven
6221,6222,ven
6222,6223,tsn
6223,6224,eng
6224,6225,ven
6225,6226,ven
6226,6227,nso
6227,6228,nbl
6228,6229,sot
6229,6230,ssw
6230,6231,tso
6231,6232,xho
6232,6233,ssw
6233,6234,afr
6234,6235,nso
6235,6236,xho
6236,6237,ssw
6237,6238,zul
6238,6239,eng
6239,6240,eng
6240,6241,xho
6241,6242,eng
6242,6243,xho
6243,6244,xho
6244,6245,nso
6245,6246,nso
6246,6247,ven
6247,6248,sot
6248,6249,tso
6249,6250,zul
6250,6251,xho
6251,6252,nso
6252,6253,sot
6253,6254,nso
6254,6255,nbl
6255,6256,afr
6256,6257,ssw
6257,6258,tsn
6258,6259,afr
6259,6260,tso
6260,6261,zul
6261,6262,zul
6262,6263,ssw
6263,6264,ssw
6264,6265,eng
6265,6266,afr
6266,6267,nso
6267,6268,xho
6268,6269,ven
6269,6270,nbl
6270,6271,eng
6271,6272,afr
6272,6273,eng
6273,6274,sot
6274,6275,tsn
6275,6276,afr
6276,6277,zul
6277,6278,nbl
6278,6279,tso
6279,6280,nso
6280,6281,eng
6281,6282,afr
6282,6283,zul
6283,6284,eng
6284,6285,ssw
6285,6286,sot
6286,6287,xho
6287,6288,ven
6288,6289,tso
6289,6290,sot
6290,6291,sot
6291,6292,afr
6292,6293,tso
6293,6294,nso
6294,6295,ven
6295,6296,tso
6296,6297,zul
6297,6298,nso
6298,6299,tsn
6299,6300,tsn
6300,6301,afr
6301,6302,ven
6302,6303,nbl
6303,6304,ven
6304,6305,zul
6305,6306,ssw
6306,6307,eng
6307,6308,sot
6308,6309,ssw
6309,6310,nbl
6310,6311,tso
6311,6312,eng
6312,6313,tso
6313,6314,xho
6314,6315,nbl
6315,6316,tso
6316,6317,tsn
6317,6318,ssw
6318,6319,tsn
6319,6320,tsn
6320,6321,eng
6321,6322,zul
6322,6323,nbl
6323,6324,ssw
6324,6325,nso
6325,6326,afr
6326,6327,ven
6327,6328,ven
6328,6329,zul
6329,6330,tsn
6330,6331,nso
6331,6332,ssw
6332,6333,nbl
6333,6334,ssw
6334,6335,nso
6335,6336,nso
6336,6337,xho
6337,6338,zul
6338,6339,afr
6339,6340,zul
6340,6341,afr
6341,6342,sot
6342,6343,tso
6343,6344,ven
6344,6345,nso
6345,6346,ssw
6346,6347,ven
6347,6348,tso
6348,6349,ven
6349,6350,sot
6350,6351,sot
6351,6352,zul
6352,6353,xho
6353,6354,tso
6354,6355,sot
6355,6356,afr
6356,6357,eng
6357,6358,nso
6358,6359,ssw
6359,6360,zul
6360,6361,nso
6361,6362,ven
6362,6363,ssw
6363,6364,sot
6364,6365,tso
6365,6366,afr
6366,6367,eng
6367,6368,eng
6368,6369,zul
6369,6370,ssw
6370,6371,ven
6371,6372,nbl
6372,6373,afr
6373,6374,eng
6374,6375,ven
6375,6376,ven
6376,6377,ven
6377,6378,afr
6378,6379,ssw
6379,6380,ven
6380,6381,tso
6381,6382,zul
6382,6383,eng
6383,6384,tso
6384,6385,tsn
6385,6386,nso
6386,6387,nbl
6387,6388,afr
6388,6389,ssw
6389,6390,eng
6390,6391,nbl
6391,6392,ven
6392,6393,afr
6393,6394,xho
6394,6395,zul
6395,6396,ven
6396,6397,tsn
6397,6398,afr
6398,6399,tsn
6399,6400,ssw
6400,6401,tso
6401,6402,ssw
6402,6403,ven
6403,6404,afr
6404,6405,sot
6405,6406,sot
6406,6407,tso
6407,6408,xho
6408,6409,ssw
6409,6410,nbl
6410,6411,sot
6411,6412,nso
6412,6413,tsn
6413,6414,ssw
6414,6415,afr
6415,6416,nso
6416,6417,sot
6417,6418,tsn
6418,6419,ssw
6419,6420,sot
6420,6421,sot
6421,6422,ven
6422,6423,afr
6423,6424,eng
6424,6425,ven
6425,6426,afr
6426,6427,sot
6427,6428,ven
6428,6429,eng
6429,6430,sot
6430,6431,ssw
6431,6432,eng
6432,6433,ssw
6433,6434,afr
6434,6435,xho
6435,6436,tsn
6436,6437,ssw
6437,6438,ven
6438,6439,tsn
6439,6440,tsn
6440,6441,tsn
6441,6442,sot
6442,6443,tso
6443,6444,nbl
6444,6445,ssw
6445,6446,eng
6446,6447,nso
6447,6448,sot
6448,6449,afr
6449,6450,xho
6450,6451,eng
6451,6452,afr
6452,6453,tsn
6453,6454,ssw
6454,6455,ssw
6455,6456,ven
6456,6457,ssw
6457,6458,xho
6458,6459,xho
6459,6460,sot
6460,6461,zul
6461,6462,nso
6462,6463,sot
6463,6464,sot
6464,6465,eng
6465,6466,sot
6466,6467,tsn
6467,6468,eng
6468,6469,tso
6469,6470,sot
6470,6471,nbl
6471,6472,zul
6472,6473,tsn
6473,6474,ssw
6474,6475,zul
6475,6476,sot
6476,6477,xho
6477,6478,sot
6478,6479,ssw
6479,6480,sot
6480,6481,ssw
6481,6482,afr
6482,6483,afr
6483,6484,nbl
6484,6485,tsn
6485,6486,eng
6486,6487,tsn
6487,6488,zul
6488,6489,tsn
6489,6490,sot
6490,6491,sot
6491,6492,nbl
6492,6493,zul
6493,6494,nbl
6494,6495,ssw
6495,6496,nbl
6496,6497,tso
6497,6498,ven
6498,6499,afr
6499,6500,nbl
6500,6501,afr
6501,6502,sot
6502,6503,nso
6503,6504,tso
6504,6505,eng
6505,6506,afr
6506,6507,zul
6507,6508,tso
6508,6509,sot
6509,6510,ssw
6510,6511,tso
6511,6512,nso
6512,6513,afr
6513,6514,tsn
6514,6515,tso
6515,6516,tsn
6516,6517,zul
6517,6518,afr
6518,6519,nso
6519,6520,zul
6520,6521,afr
6521,6522,eng
6522,6523,tso
6523,6524,tsn
6524,6525,tso
6525,6526,xho
6526,6527,afr
6527,6528,tsn
6528,6529,eng
6529,6530,nbl
6530,6531,ven
6531,6532,sot
6532,6533,nso
6533,6534,xho
6534,6535,xho
6535,6536,tso
6536,6537,afr
6537,6538,tsn
6538,6539,nso
6539,6540,nbl
6540,6541,afr
6541,6542,tso
6542,6543,zul
6543,6544,zul
6544,6545,afr
6545,6546,nbl
6546,6547,nso
6547,6548,afr
6548,6549,tsn
6549,6550,eng
6550,6551,ssw
6551,6552,ssw
6552,6553,zul
6553,6554,eng
6554,6555,sot
6555,6556,ssw
6556,6557,nbl
6557,6558,sot
6558,6559,ssw
6559,6560,xho
6560,6561,ven
6561,6562,nso
6562,6563,nso
6563,6564,eng
6564,6565,nbl
6565,6566,sot
6566,6567,ven
6567,6568,xho
6568,6569,tsn
6569,6570,nso
6570,6571,ven
6571,6572,ven
6572,6573,afr
6573,6574,nso
6574,6575,tso
6575,6576,tsn
6576,6577,nbl
6577,6578,sot
6578,6579,eng
6579,6580,afr
6580,6581,tso
6581,6582,nbl
6582,6583,zul
6583,6584,sot
6584,6585,zul
6585,6586,nso
6586,6587,ven
6587,6588,afr
6588,6589,nbl
6589,6590,afr
6590,6591,sot
6591,6592,tsn
6592,6593,afr
6593,6594,tsn
6594,6595,nso
6595,6596,nbl
6596,6597,tso
6597,6598,xho
6598,6599,eng
6599,6600,zul
